site,plot,temptreat,preciptreat,block,AG.type,AGtemp_max_dev,AGtemp_min_dev,AGtemp_mean_dev,BGtemp_max_dev,BGtemp_min_dev,BGtemp_mean_dev
chuine,58,2,1,9,1,1.5,1.5,1.5,NA,NA,NA
chuine,54,3,1,9,1,3,3,3,NA,NA,NA
chuine,53,2,4,9,1,1.5,1.5,1.5,NA,NA,NA
chuine,56,3,4,9,1,3,3,3,NA,NA,NA
chuine,61,2,1,10,1,1.5,1.5,1.5,NA,NA,NA
chuine,62,3,1,10,1,3,3,3,NA,NA,NA
chuine,63,2,4,10,1,1.5,1.5,1.5,NA,NA,NA
chuine,65,3,4,10,1,3,3,3,NA,NA,NA
sherry,2,1,2,NA,1,-1.591624441,0.460660044,-0.565482199,0.475850692,-0.032734988,0.221557852
sherry,6,1,2,NA,1,-0.86455641,0.613071609,-0.1257424,-0.31549635,-0.366923688,-0.341210019
sherry,10,1,2,NA,1,0.157156151,-0.916480764,-0.379662306,-0.493830684,0.495186153,0.000677734
sherry,16,1,2,NA,1,1.766138098,-0.132335238,0.81690143,0.497094337,0.157348123,0.32722123
sherry,49,1,2,NA,1,0.529430363,-0.024656678,0.252386842,-0.164590782,-0.253183522,-0.208887152
sherry,4,2,2,NA,1,-9.176221643,9.331330852,0.077554604,0.132831249,2.765752093,1.449291671
sherry,7,2,2,NA,1,-8.380208823,7.970185631,-0.205011596,9.763444801,-3.360303262,3.20157077
sherry,11,2,2,NA,1,0.398703954,3.425301497,1.912002725,2.171417036,2.505510772,2.338463904
sherry,31,2,2,NA,1,3.752648481,3.472615839,3.61263216,2.654344903,3.154159279,2.904252091
sherry,50,2,2,NA,1,-0.900536049,2.234913137,0.667188544,0.16042438,0.587862376,0.374143378
sherry,3,1,3,NA,1,-3.070202864,0.179648488,-1.445277188,0.533951126,-1.338362667,-0.40220577
sherry,8,1,3,NA,1,-0.273952105,0.368628016,0.047337956,-0.221824422,-0.190693929,-0.206259176
sherry,17,1,3,NA,1,-0.517257568,-0.244863198,-0.381060383,-0.591185339,0.130340623,-0.230422358
sherry,43,1,3,NA,1,-0.057322001,0.126597383,0.034637691,-0.73995548,1.106693754,0.183369137
sherry,51,1,3,NA,1,-6.446486899,4.456344969,-0.995070965,10.80999903,-8.395554812,1.211985339
sherry,1,2,3,NA,1,-0.377741154,4.056803702,1.839531274,3.49601077,2.677526944,3.086768857
sherry,5,2,3,NA,1,-1.286922993,3.285910966,0.999493986,-0.126026986,2.831022969,1.352497992
sherry,9,2,3,NA,1,0.921549954,-0.324176328,0.298686813,NA,NA,NA
sherry,52,2,3,NA,1,2.279049832,2.826123578,2.552586705,2.308383541,2.002553012,2.155468277
ellison,59,11,4,NA,1,0.188507943,-0.880440104,-0.345966081,0.499105256,0.059161897,0.279133576
marchin,59,11,4,NA,1,-0.187318371,-0.500064012,-0.343691192,-0.277784501,1.071392118,0.396803808
ellison,3,1,NA,NA,1,-0.166812553,0.295886697,0.064537072,-0.061953675,0.014292055,-0.02383081
marchin,3,1,NA,NA,1,0.208930779,0.186953001,0.19794189,0.705478222,-0.541546246,0.081965988
marchin,16,1,NA,NA,1,-0.077968705,0.267920024,0.094975659,0.545277338,-0.717371942,-0.086047302
ellison,43,1,NA,NA,1,0.095122381,0.284737835,0.189930108,-0.137054034,0.22773094,0.045338453
marchin,48,1,NA,NA,1,0.058984152,0.018861652,0.038922902,-1.03691881,0.271483762,-0.382717524
ellison,49,1,NA,NA,1,-0.109267724,0.282922166,0.086827221,-0.277781255,-0.302872655,-0.290326955
chuine,NA,1,NA,NA,1,0,0,0,NA,NA,NA
clarkduke,85,1,NA,NA,1,1.87514218,0.007574225,0.941358203,0.465485294,0.05508994,0.260287617
clarkharvard,86,1,NA,NA,1,0.531516792,-0.037307608,0.247104592,0.096470467,-0.107718894,-0.005624213
clarkduke,88,1,NA,NA,1,1.669392054,0.027898318,0.848645186,0.339263718,0.019899558,0.179581638
clarkharvard,88,1,NA,NA,1,1.398120305,0.033391873,0.715756089,0.968548512,0.25472905,0.611638781
clarkduke,91,1,NA,NA,1,1.40460998,0.046081803,0.725345891,1.057696699,0.007778611,0.532737655
clarkharvard,91,1,NA,NA,1,0.443112511,0.047294026,0.245203268,-0.497573952,-0.30257344,-0.400073696
clarkharvard,98,1,NA,NA,1,-0.449633109,0.203878461,-0.122877324,-0.331368748,-0.217023642,-0.274196195
clarkduke,99,1,NA,NA,1,-1.05923569,0.273856299,-0.392689695,-1.696975683,-0.307376475,-1.002176079
clarkduke,100,1,NA,NA,1,-0.733980239,0.308888048,-0.212546095,-1.421751453,-0.150180752,-0.785966102
clarkharvard,101,1,NA,NA,1,-0.276705626,0.466384649,0.094839511,-0.507055173,0.105634286,-0.200710444
clarkharvard,103,1,NA,NA,1,-0.270858182,0.422159119,0.075650469,-0.551523891,-0.090438337,-0.320981114
clarkduke,104,1,NA,NA,1,-0.919147223,0.320598982,-0.29927412,-1.309327006,-0.072614669,-0.690970837
marchin,1,2,NA,NA,1,6.253837386,1.940244657,4.097041022,2.48218042,0.655036789,1.568608604
marchin,2,2,NA,NA,1,6.906953744,1.955886789,4.431420266,-0.482808333,1.336012407,0.426602037
marchin,4,2,NA,NA,1,11.74852432,3.135760556,7.44214244,1.127428927,1.584568253,1.35599859
marchin,31,2,NA,NA,1,12.83206654,3.307852013,8.069959277,4.018083968,0.764065499,2.391074733
marchin,43,2,NA,NA,1,11.03745277,1.314758549,6.176105658,1.61461664,0.248273781,0.93144521
marchin,49,2,NA,NA,1,4.691041826,1.206543356,2.948792591,0.329254669,0.154581453,0.241918061
marchin,50,2,NA,NA,1,8.74721833,2.309133409,5.52817587,1.46209979,1.05442637,1.25826308
ellison,51,2,NA,NA,1,1.966002066,1.716373988,1.841188027,0.269243447,0.597900854,0.43357215
marchin,51,2,NA,NA,1,14.0388606,4.234880421,9.136870509,1.247686524,2.12101251,1.684349517
marchin,52,2,NA,NA,1,14.35906047,4.064354675,9.211707571,2.006747059,1.160244872,1.583495965
chuine,NA,2,NA,NA,1,0,0,0,NA,NA,NA
clarkharvard,85,2,NA,NA,1,2.86980571,1.642862421,2.256334065,3.956930993,3.064514831,3.510722912
clarkduke,87,2,NA,NA,1,3.238816299,2.163389985,2.701103142,3.255826306,3.032145378,3.143985842
clarkduke,89,2,NA,NA,1,3.089603409,2.390883439,2.740243424,3.505339347,2.808305096,3.156822222
clarkharvard,90,2,NA,NA,1,2.19153933,1.908969004,2.050254167,3.263106916,2.873216171,3.068161543
clarkharvard,92,2,NA,NA,1,1.827587844,1.696245848,1.761916846,3.23935594,2.823237313,3.031296626
clarkduke,93,2,NA,NA,1,2.750268364,2.727736108,2.739002236,3.163838642,2.739876068,2.951857355
clarkduke,98,2,NA,NA,1,0.863021133,2.10140922,1.482215176,1.458190354,2.660213455,2.059201905
clarkharvard,99,2,NA,NA,1,1.392948164,1.970386381,1.681667272,2.737183746,2.81582069,2.776502218
clarkduke,101,2,NA,NA,1,1.061476226,2.615973824,1.838725025,1.741595587,2.712081883,2.226838735
clarkharvard,102,2,NA,NA,1,1.605002676,2.080701392,1.842852034,2.667074836,2.776246984,2.72166091
clarkharvard,104,2,NA,NA,1,1.89186327,2.728655474,2.310259372,2.625768478,2.779947745,2.702858111
clarkduke,105,2,NA,NA,1,1.109390001,2.384822857,1.747106429,1.522362558,2.682482551,2.102422554
ellison,31,3,NA,NA,1,2.133999869,1.903162483,2.018581176,-0.020705544,0.84256349,0.410928973
chuine,NA,3,NA,NA,1,0,0,0,NA,NA,NA
clarkduke,86,3,NA,NA,1,4.001254366,3.100583238,3.550918802,4.954155787,4.344053384,4.649104586
clarkharvard,87,3,NA,NA,1,2.544656671,2.721712572,2.633184621,5.01908119,4.811777879,4.915429534
clarkharvard,89,3,NA,NA,1,3.420275662,1.908668856,2.664472259,5.313733178,4.558061571,4.935897375
clarkduke,90,3,NA,NA,1,3.110193338,2.523864507,2.817028923,4.850507499,4.35547131,4.602989405
clarkduke,92,3,NA,NA,1,2.720527075,2.99618787,2.858357472,4.75929476,4.28227987,4.520787315
clarkharvard,93,3,NA,NA,1,2.676905286,2.561765811,2.619335549,5.021411471,4.620829115,4.821120293
clarkduke,97,3,NA,NA,1,1.461885181,2.567976994,2.014931088,2.963760596,4.189297594,3.576529095
clarkharvard,97,3,NA,NA,1,1.884686949,1.876027949,1.880357449,4.655266984,4.608558269,4.631912626
clarkharvard,100,3,NA,NA,1,2.546294,2.736522867,2.641408433,4.57015899,4.668691912,4.619425451
clarkduke,102,3,NA,NA,1,2.303794817,3.759547216,3.031671017,3.205863865,4.245191674,3.72552777
clarkduke,103,3,NA,NA,1,1.459376744,2.878744109,2.169060426,3.068886805,4.205936523,3.637411664
clarkharvard,105,3,NA,NA,1,2.59130255,2.952759926,2.772031238,4.647436038,4.702577889,4.675006964
ellison,52,4,NA,NA,1,2.497495585,1.975086505,2.236291045,0.466306143,0.719524194,0.592915168
ellison,50,5,NA,NA,1,3.550769333,2.47114832,3.010958826,1.19999914,1.001922988,1.100961064
ellison,4,6,NA,NA,1,3.238718766,2.835603431,3.037161098,0.589486831,1.634189081,1.111837956
ellison,16,7,NA,NA,1,4.473482775,3.298088878,3.885785826,2.237498427,1.286756967,1.762127697
ellison,2,8,NA,NA,1,4.622174609,3.135231142,3.878702875,1.656489068,1.59693683,1.626712949
ellison,48,9,NA,NA,1,5.286547347,3.735180061,4.510863704,2.042787023,2.076708567,2.059747795
ellison,1,10,NA,NA,1,5.753477916,4.023752798,4.888615357,1.967375913,1.769365005,1.868370459
clarkduke,94,11,NA,NA,1,1.215904681,-0.154725937,0.530589372,2.673003623,0.424548148,1.548775885
clarkharvard,94,11,NA,NA,1,0.878894103,-0.422696705,0.228098699,1.407831032,0.606386255,1.007108644
clarkduke,95,11,NA,NA,1,0.707600382,-0.392550314,0.157525034,2.422993159,0.60064779,1.511820474
clarkharvard,95,11,NA,NA,1,-0.47238821,-0.288085413,-0.380236812,0.140912382,0.300868398,0.22089039
clarkduke,96,11,NA,NA,1,-0.670077282,-0.278967672,-0.474522477,0.633195711,-0.420148967,0.106523372
clarkharvard,96,11,NA,NA,1,-0.34780296,-0.297664503,-0.322733732,0.119866499,-0.123953824,-0.002043663
clarkduke,106,11,NA,NA,1,-1.554196375,-0.187158598,-0.870677487,-0.998773051,-0.149128673,-0.573950862
clarkharvard,106,11,NA,NA,1,-0.621610956,-0.000257335,-0.310934146,-0.158009746,0.38754524,0.114767747
clarkduke,107,11,NA,NA,1,-0.936106683,-0.167106422,-0.551606552,-0.643876554,-0.126244576,-0.385060565
clarkharvard,107,11,NA,NA,1,-0.621514577,0.033652413,-0.293931082,-1.213191312,-0.840565443,-1.026878378
clarkduke,108,11,NA,NA,1,-1.440083089,-0.049417791,-0.74475044,-0.788864031,0.2274474,-0.280708316
clarkharvard,108,11,NA,NA,1,-0.816379523,-0.081444081,-0.448911802,0.121693398,-0.092521059,0.01458617
chuine,72,2,1,12,1,1.5,1.5,1.5,NA,NA,NA
chuine,70,3,1,12,1,3,3,3,NA,NA,NA
chuine,71,2,4,12,1,1.5,1.5,1.5,NA,NA,NA
chuine,68,3,4,12,1,3,3,3,NA,NA,NA
chuine,74,2,1,13,1,1.5,1.5,1.5,NA,NA,NA
chuine,73,3,1,13,1,3,3,3,NA,NA,NA
chuine,77,2,4,13,1,1.5,1.5,1.5,NA,NA,NA
chuine,75,3,4,13,1,3,3,3,NA,NA,NA
chuine,83,2,1,14,1,1.5,1.5,1.5,NA,NA,NA
chuine,82,3,1,14,1,3,3,3,NA,NA,NA
chuine,79,2,4,14,1,1.5,1.5,1.5,NA,NA,NA
chuine,81,3,4,14,1,3,3,3,NA,NA,NA
bace,1,1,1,1,NA,NA,NA,NA,-0.136404758,0.444945308,0.154270275
bace,16,2,1,1,NA,NA,NA,NA,1.899237442,0.736940108,1.318088775
bace,31,3,1,1,NA,NA,NA,NA,1.066292317,1.091221808,1.078757063
bace,43,4,1,1,NA,NA,NA,NA,2.994289533,4.282352833,3.638321183
force,12,1,2,1,NA,NA,NA,NA,-0.048344371,-0.150165563,-0.099254967
bace,51,1,2,1,NA,NA,NA,NA,0.021818867,-0.083186917,-0.030684025
force,14,2,2,1,NA,NA,NA,NA,1.330463576,1.474337748,1.402400662
jasper,16,2,2,1,NA,NA,NA,NA,NA,NA,NA
jasper,31,2,2,1,NA,NA,NA,NA,NA,NA,NA
bace,50,2,2,1,NA,NA,NA,NA,0.764510567,1.660072283,1.212291425
bace,49,3,2,1,NA,NA,NA,NA,2.011439817,3.185118033,2.598278925
bace,48,4,2,1,NA,NA,NA,NA,3.191125942,3.392138986,3.291632464
jasper,1,11,2,1,NA,NA,NA,NA,NA,NA,NA
jasper,35,11,2,1,NA,NA,NA,NA,NA,NA,NA
jasper,36,11,2,1,NA,NA,NA,NA,NA,NA,NA
jasper,43,11,2,1,NA,NA,NA,NA,NA,NA,NA
bace,4,1,3,1,NA,NA,NA,NA,-0.80074475,-0.078249083,-0.439496917
force,15,1,3,1,NA,NA,NA,NA,0.264166667,-0.250666667,0.00675
bace,3,2,3,1,NA,NA,NA,NA,0.054878,1.921296167,0.988087083
force,13,2,3,1,NA,NA,NA,NA,1.029801325,1.609437086,1.319619205
jasper,16,2,3,1,NA,NA,NA,NA,NA,NA,NA
jasper,31,2,3,1,NA,NA,NA,NA,NA,NA,NA
bace,2,3,3,1,NA,NA,NA,NA,2.392971667,1.69847,2.045720833
bace,52,4,3,1,NA,NA,NA,NA,2.187335533,2.061438533,2.124387033
jasper,1,11,3,1,NA,NA,NA,NA,NA,NA,NA
jasper,43,11,3,1,NA,NA,NA,NA,NA,NA,NA
farnsworth,31,1,NA,1,NA,NA,NA,NA,NA,NA,NA
farnsworth,1,2,NA,1,NA,NA,NA,NA,NA,NA,NA
farnsworth,16,11,NA,1,NA,NA,NA,NA,NA,NA,NA
bace,21,1,1,2,NA,NA,NA,NA,0.557780148,2.386876407,1.472328278
bace,20,2,1,2,NA,NA,NA,NA,5.217621976,3.791554131,4.504588054
bace,19,3,1,2,NA,NA,NA,NA,4.109605655,4.667206024,4.388405839
bace,18,4,1,2,NA,NA,NA,NA,4.667949704,5.972472074,5.320210889
bace,8,1,2,2,NA,NA,NA,NA,-2.278433963,0.992132852,-0.643150556
force,27,1,2,2,NA,NA,NA,NA,0.923178808,-0.045529801,0.438824503
jasper,4,2,2,2,NA,NA,NA,NA,NA,NA,NA
bace,7,2,2,2,NA,NA,NA,NA,-0.471080741,2.851495852,1.190207556
force,29,2,2,2,NA,NA,NA,NA,0.906622517,1.534602649,1.220612583
jasper,52,2,2,2,NA,NA,NA,NA,NA,NA,NA
bace,6,3,2,2,NA,NA,NA,NA,6.822662815,4.526598185,5.6746305
bace,5,4,2,2,NA,NA,NA,NA,2.588176593,5.143734185,3.865955389
jasper,50,11,2,2,NA,NA,NA,NA,NA,NA,NA
jasper,51,11,2,2,NA,NA,NA,NA,NA,NA,NA
bace,9,1,3,2,NA,NA,NA,NA,3.13567037,0.389100741,1.762385556
force,30,1,3,2,NA,NA,NA,NA,0.00794702,-0.187913907,-0.089983444
jasper,4,2,3,2,NA,NA,NA,NA,NA,NA,NA
bace,10,2,3,2,NA,NA,NA,NA,-1.335088519,4.243590185,1.454250833
force,28,2,3,2,NA,NA,NA,NA,1.351655629,1.735264901,1.543460265
jasper,52,2,3,2,NA,NA,NA,NA,NA,NA,NA
bace,11,3,3,2,NA,NA,NA,NA,-1.630428185,3.47393263,0.921752222
bace,17,4,3,2,NA,NA,NA,NA,4.30030537,3.801901296,4.051103333
jasper,50,11,3,2,NA,NA,NA,NA,NA,NA,NA
jasper,51,11,3,2,NA,NA,NA,NA,NA,NA,NA
farnsworth,48,1,NA,2,NA,NA,NA,NA,NA,NA,NA
farnsworth,49,2,NA,2,NA,NA,NA,NA,NA,NA,NA
farnsworth,43,11,NA,2,NA,NA,NA,NA,NA,NA,NA
bace,35,1,1,3,NA,NA,NA,NA,2.617124611,-0.637869333,0.989627639
bace,36,2,1,3,NA,NA,NA,NA,2.858293402,2.72585574,2.792074571
bace,37,3,1,3,NA,NA,NA,NA,4.5379365,3.563063667,4.050500083
bace,38,4,1,3,NA,NA,NA,NA,7.885761944,3.961614667,5.923688306
bace,34,1,2,3,NA,NA,NA,NA,0.138858944,0.324881,0.231869972
force,39,1,2,3,NA,NA,NA,NA,-0.618543046,0.157781457,-0.230380795
jasper,3,2,2,3,NA,NA,NA,NA,NA,NA,NA
bace,33,2,2,3,NA,NA,NA,NA,1.503630278,0.117262333,0.810446306
force,41,2,2,3,NA,NA,NA,NA,0.087417219,1.916059603,1.001738411
jasper,49,2,2,3,NA,NA,NA,NA,NA,NA,NA
bace,32,3,2,3,NA,NA,NA,NA,2.442566444,2.378654333,2.410610389
bace,26,4,2,3,NA,NA,NA,NA,5.016040611,4.378183667,4.697112139
jasper,2,11,2,3,NA,NA,NA,NA,NA,NA,NA
jasper,48,11,2,3,NA,NA,NA,NA,NA,NA,NA
bace,22,1,3,3,NA,NA,NA,NA,1.307908611,2.316494667,1.812201639
force,42,1,3,3,NA,NA,NA,NA,-0.259395973,0.264765101,0.002684564
jasper,3,2,3,3,NA,NA,NA,NA,NA,NA,NA
jasper,4,2,3,3,NA,NA,NA,NA,NA,NA,NA
bace,23,2,3,3,NA,NA,NA,NA,0.869286593,1.584881333,1.227083963
force,40,2,3,3,NA,NA,NA,NA,1.543708609,0.880298013,1.212003311
jasper,49,2,3,3,NA,NA,NA,NA,NA,NA,NA
bace,24,3,3,3,NA,NA,NA,NA,4.188634704,2.504427444,3.346531074
bace,25,4,3,3,NA,NA,NA,NA,4.940660944,5.302576333,5.121618639
jasper,2,11,3,3,NA,NA,NA,NA,NA,NA,NA
jasper,48,11,3,3,NA,NA,NA,NA,NA,NA,NA
farnsworth,52,1,NA,3,NA,NA,NA,NA,NA,NA,NA
farnsworth,51,2,NA,3,NA,NA,NA,NA,NA,NA,NA
farnsworth,50,11,NA,3,NA,NA,NA,NA,NA,NA,NA
force,44,1,2,4,NA,NA,NA,NA,-0.256291391,0.037913907,-0.109188742
jasper,6,2,2,4,NA,NA,NA,NA,NA,NA,NA
jasper,23,2,2,4,NA,NA,NA,NA,NA,NA,NA
force,46,2,2,4,NA,NA,NA,NA,1.594039735,1.79089404,1.692466887
jasper,5,11,2,4,NA,NA,NA,NA,NA,NA,NA
jasper,34,11,2,4,NA,NA,NA,NA,NA,NA,NA
jasper,36,11,2,4,NA,NA,NA,NA,NA,NA,NA
force,47,1,3,4,NA,NA,NA,NA,-0.920529801,0.235927152,-0.342301325
jasper,6,2,3,4,NA,NA,NA,NA,NA,NA,NA
jasper,23,2,3,4,NA,NA,NA,NA,NA,NA,NA
force,45,2,3,4,NA,NA,NA,NA,1.013245033,1.740562914,1.376903974
jasper,5,11,3,4,NA,NA,NA,NA,NA,NA,NA
jasper,34,11,3,4,NA,NA,NA,NA,NA,NA,NA
farnsworth,2,1,NA,4,NA,NA,NA,NA,NA,NA,NA
farnsworth,4,2,NA,4,NA,NA,NA,NA,NA,NA,NA
farnsworth,3,11,NA,4,NA,NA,NA,NA,NA,NA,NA
jasper,7,2,2,5,NA,NA,NA,NA,NA,NA,NA
jasper,8,2,2,5,NA,NA,NA,NA,NA,NA,NA
jasper,9,11,2,5,NA,NA,NA,NA,NA,NA,NA
jasper,10,11,2,5,NA,NA,NA,NA,NA,NA,NA
jasper,7,2,3,5,NA,NA,NA,NA,NA,NA,NA
jasper,8,2,3,5,NA,NA,NA,NA,NA,NA,NA
jasper,9,11,3,5,NA,NA,NA,NA,NA,NA,NA
jasper,10,11,3,5,NA,NA,NA,NA,NA,NA,NA
farnsworth,5,1,NA,5,NA,NA,NA,NA,NA,NA,NA
farnsworth,7,2,NA,5,NA,NA,NA,NA,NA,NA,NA
farnsworth,6,11,NA,5,NA,NA,NA,NA,NA,NA,NA
jasper,11,2,2,6,NA,NA,NA,NA,NA,NA,NA
jasper,17,2,2,6,NA,NA,NA,NA,NA,NA,NA
jasper,18,11,2,6,NA,NA,NA,NA,NA,NA,NA
jasper,33,11,2,6,NA,NA,NA,NA,NA,NA,NA
jasper,37,11,2,6,NA,NA,NA,NA,NA,NA,NA
jasper,38,11,2,6,NA,NA,NA,NA,NA,NA,NA
jasper,11,2,3,6,NA,NA,NA,NA,NA,NA,NA
jasper,17,2,3,6,NA,NA,NA,NA,NA,NA,NA
jasper,18,11,3,6,NA,NA,NA,NA,NA,NA,NA
jasper,33,11,3,6,NA,NA,NA,NA,NA,NA,NA
farnsworth,9,1,NA,6,NA,NA,NA,NA,NA,NA,NA
farnsworth,8,2,NA,6,NA,NA,NA,NA,NA,NA,NA
farnsworth,10,11,NA,6,NA,NA,NA,NA,NA,NA,NA
jasper,26,2,2,7,NA,NA,NA,NA,NA,NA,NA
jasper,32,2,2,7,NA,NA,NA,NA,NA,NA,NA
jasper,24,11,2,7,NA,NA,NA,NA,NA,NA,NA
jasper,25,11,2,7,NA,NA,NA,NA,NA,NA,NA
jasper,26,2,3,7,NA,NA,NA,NA,NA,NA,NA
jasper,32,2,3,7,NA,NA,NA,NA,NA,NA,NA
jasper,24,11,3,7,NA,NA,NA,NA,NA,NA,NA
jasper,25,11,3,7,NA,NA,NA,NA,NA,NA,NA
jasper,19,2,2,8,NA,NA,NA,NA,NA,NA,NA
jasper,21,2,2,8,NA,NA,NA,NA,NA,NA,NA
jasper,20,11,2,8,NA,NA,NA,NA,NA,NA,NA
jasper,22,11,2,8,NA,NA,NA,NA,NA,NA,NA
jasper,38,11,2,8,NA,NA,NA,NA,NA,NA,NA
jasper,19,2,3,8,NA,NA,NA,NA,NA,NA,NA
jasper,21,2,3,8,NA,NA,NA,NA,NA,NA,NA
jasper,20,11,3,8,NA,NA,NA,NA,NA,NA,NA
jasper,22,11,3,8,NA,NA,NA,NA,NA,NA,NA
chuine,55,11,1,9,NA,NA,NA,NA,NA,NA,NA
chuine,57,11,4,9,NA,NA,NA,NA,NA,NA,NA
chuine,64,11,1,10,NA,NA,NA,NA,NA,NA,NA
chuine,60,11,4,10,NA,NA,NA,NA,NA,NA,NA
sherry,2,1,2,NA,NA,NA,NA,NA,NA,NA,NA
sherry,6,1,2,NA,NA,NA,NA,NA,NA,NA,NA
sherry,10,1,2,NA,NA,NA,NA,NA,NA,NA,NA
sherry,16,1,2,NA,NA,NA,NA,NA,NA,NA,NA
sherry,49,1,2,NA,NA,NA,NA,NA,NA,NA,NA
sherry,4,2,2,NA,NA,NA,NA,NA,-0.202544571,1.909771429,0.853613429
sherry,7,2,2,NA,NA,NA,NA,NA,NA,NA,NA
sherry,11,2,2,NA,NA,NA,NA,NA,NA,NA,NA
sherry,31,2,2,NA,NA,NA,NA,NA,NA,NA,NA
sherry,50,2,2,NA,NA,NA,NA,NA,1.883692237,2.825610211,2.354651224
sherry,3,1,3,NA,NA,NA,NA,NA,NA,NA,NA
sherry,8,1,3,NA,NA,NA,NA,NA,NA,NA,NA
sherry,17,1,3,NA,NA,NA,NA,NA,NA,NA,NA
sherry,43,1,3,NA,NA,NA,NA,NA,-0.475137944,1.012993226,0.268927641
sherry,51,1,3,NA,NA,NA,NA,NA,NA,NA,NA
sherry,1,2,3,NA,NA,NA,NA,NA,NA,NA,NA
sherry,5,2,3,NA,NA,NA,NA,NA,NA,NA,NA
sherry,9,2,3,NA,NA,NA,NA,NA,NA,NA,NA
sherry,48,2,3,NA,NA,NA,NA,NA,2.17439217,2.388104783,2.281248477
sherry,52,2,3,NA,NA,NA,NA,NA,NA,NA,NA
ellison,59,11,4,NA,NA,NA,NA,NA,0.093430556,0.206935185,0.15018287
marchin,59,11,4,NA,NA,NA,NA,NA,0.500214286,1.102357143,0.801285714
ellison,3,1,NA,NA,NA,NA,NA,NA,0.3295,0.142541667,0.236020833
marchin,3,1,NA,NA,NA,NA,NA,NA,NA,NA,NA
marchin,16,1,NA,NA,NA,NA,NA,NA,NA,NA,NA
ellison,43,1,NA,NA,NA,NA,NA,NA,-0.433578125,0.1081875,-0.162695313
marchin,48,1,NA,NA,NA,NA,NA,NA,NA,NA,NA
ellison,49,1,NA,NA,NA,NA,NA,NA,-0.223,-0.67325,-0.448125
clarkduke,85,1,NA,NA,NA,NA,NA,NA,NA,NA,NA
clarkharvard,86,1,NA,NA,NA,NA,NA,NA,-0.618446612,-1.010194003,-0.814320307
clarkduke,88,1,NA,NA,NA,NA,NA,NA,NA,NA,NA
clarkharvard,88,1,NA,NA,NA,NA,NA,NA,-0.07368247,-0.327093245,-0.200387858
clarkduke,91,1,NA,NA,NA,NA,NA,NA,NA,NA,NA
clarkharvard,91,1,NA,NA,NA,NA,NA,NA,-0.566802167,-0.628914204,-0.597858186
clarkharvard,98,1,NA,NA,NA,NA,NA,NA,-4.51E-05,0.025822917,0.01288891
clarkduke,99,1,NA,NA,NA,NA,NA,NA,NA,NA,NA
clarkduke,100,1,NA,NA,NA,NA,NA,NA,-1.694305556,-0.447395833,-1.070850694
clarkharvard,101,1,NA,NA,NA,NA,NA,NA,0.203095812,0.390960038,0.297027925
clarkharvard,103,1,NA,NA,NA,NA,NA,NA,0.657912479,0.976027462,0.81696997
clarkduke,104,1,NA,NA,NA,NA,NA,NA,NA,NA,NA
marchin,1,2,NA,NA,NA,NA,NA,NA,1.911340909,1.013237374,1.462289141
dunne,2,2,NA,NA,NA,NA,NA,NA,1.026067366,1.35377129,1.189919328
marchin,2,2,NA,NA,NA,NA,NA,NA,-0.081773231,1.455717972,0.686972371
price,2,2,NA,NA,NA,NA,NA,NA,0.824889877,0.901434924,0.863162401
marchin,4,2,NA,NA,NA,NA,NA,NA,-0.068972222,1.519113426,0.725070602
dunne,16,2,NA,NA,NA,NA,NA,NA,0.502564221,0.373351591,0.437957906
price,16,2,NA,NA,NA,NA,NA,NA,0.385841263,0.167119627,0.276480445
marchin,31,2,NA,NA,NA,NA,NA,NA,3.296352273,1.203329545,2.249840909
dunne,43,2,NA,NA,NA,NA,NA,NA,0.121156743,0.733078941,0.427117842
marchin,43,2,NA,NA,NA,NA,NA,NA,1.3235625,0.709736111,1.016649306
price,43,2,NA,NA,NA,NA,NA,NA,-0.208537952,0.549449175,0.170455612
dunne,49,2,NA,NA,NA,NA,NA,NA,1.664669853,0.887917187,1.27629352
marchin,49,2,NA,NA,NA,NA,NA,NA,NA,NA,NA
price,49,2,NA,NA,NA,NA,NA,NA,0.897340148,0.44133681,0.669338479
marchin,50,2,NA,NA,NA,NA,NA,NA,NA,NA,NA
dunne,51,2,NA,NA,NA,NA,NA,NA,0.043176698,1.126338244,0.584757471
ellison,51,2,NA,NA,NA,NA,NA,NA,0.32,-0.77525,-0.227625
marchin,51,2,NA,NA,NA,NA,NA,NA,1.5620625,2.42115625,1.991609375
price,51,2,NA,NA,NA,NA,NA,NA,-0.214857322,0.625529362,0.20533602
marchin,52,2,NA,NA,NA,NA,NA,NA,2.287854651,0.936488372,1.612171512
clarkharvard,85,2,NA,NA,NA,NA,NA,NA,2.989095812,2.962567109,2.97583146
clarkduke,87,2,NA,NA,NA,NA,NA,NA,NA,NA,NA
clarkduke,89,2,NA,NA,NA,NA,NA,NA,NA,NA,NA
clarkharvard,90,2,NA,NA,NA,NA,NA,NA,2.913940257,2.902780745,2.908360501
clarkharvard,92,2,NA,NA,NA,NA,NA,NA,2.849954398,2.899271149,2.874612773
clarkduke,93,2,NA,NA,NA,NA,NA,NA,NA,NA,NA
clarkduke,98,2,NA,NA,NA,NA,NA,NA,NA,NA,NA
clarkharvard,99,2,NA,NA,NA,NA,NA,NA,3.137904145,3.171595644,3.154749895
clarkduke,101,2,NA,NA,NA,NA,NA,NA,0.14299537,2.273604167,1.208299769
clarkharvard,102,2,NA,NA,NA,NA,NA,NA,3.152369297,3.159660038,3.156014668
clarkharvard,104,2,NA,NA,NA,NA,NA,NA,3.274603388,3.419945644,3.347274516
clarkduke,105,2,NA,NA,NA,NA,NA,NA,NA,NA,NA
ellison,31,3,NA,NA,NA,NA,NA,NA,-0.622684211,0.704033626,0.040674708
clarkduke,86,3,NA,NA,NA,NA,NA,NA,NA,NA,NA
clarkharvard,87,3,NA,NA,NA,NA,NA,NA,4.879574095,4.805863068,4.842718582
clarkharvard,89,3,NA,NA,NA,NA,NA,NA,4.754295812,4.7736762,4.763986006
clarkduke,90,3,NA,NA,NA,NA,NA,NA,NA,NA,NA
clarkduke,92,3,NA,NA,NA,NA,NA,NA,NA,NA,NA
clarkharvard,93,3,NA,NA,NA,NA,NA,NA,4.771757934,4.790364583,4.781061258
clarkduke,97,3,NA,NA,NA,NA,NA,NA,NA,NA,NA
clarkharvard,97,3,NA,NA,NA,NA,NA,NA,5.062973085,4.955491856,5.009232471
clarkharvard,100,3,NA,NA,NA,NA,NA,NA,5.14329657,5.084484281,5.113890425
clarkduke,102,3,NA,NA,NA,NA,NA,NA,NA,NA,NA
clarkduke,103,3,NA,NA,NA,NA,NA,NA,-1.915476852,1.146381944,-0.384547454
clarkharvard,105,3,NA,NA,NA,NA,NA,NA,5.109360964,5.139468372,5.124414668
ellison,52,4,NA,NA,NA,NA,NA,NA,1.087856771,1.448351563,1.268104167
ellison,50,5,NA,NA,NA,NA,NA,NA,0.4615,0.292336538,0.376918269
ellison,4,6,NA,NA,NA,NA,NA,NA,0.4905,1.786977273,1.138738636
ellison,16,7,NA,NA,NA,NA,NA,NA,NA,NA,NA
ellison,2,8,NA,NA,NA,NA,NA,NA,1.146673077,1.37400641,1.260339744
ellison,48,9,NA,NA,NA,NA,NA,NA,3.800333333,0,1.900166667
ellison,1,10,NA,NA,NA,NA,NA,NA,2.270166667,0.781666667,1.525916667
dunne,1,11,NA,NA,NA,NA,NA,NA,1.026172822,-0.467635312,0.279268755
price,1,11,NA,NA,NA,NA,NA,NA,0.963768881,-0.339430626,0.312169128
dunne,31,11,NA,NA,NA,NA,NA,NA,-1.026214965,-0.484887202,-0.755551084
price,31,11,NA,NA,NA,NA,NA,NA,-0.703039647,-0.208936272,-0.45598796
dunne,48,11,NA,NA,NA,NA,NA,NA,-0.553976199,0.170022983,-0.191976608
price,48,11,NA,NA,NA,NA,NA,NA,-0.61706954,0.233904973,-0.191582283
dunne,50,11,NA,NA,NA,NA,NA,NA,0.771218748,0.14853117,0.459874959
price,50,11,NA,NA,NA,NA,NA,NA,0.508712613,-0.025267445,0.241722584
dunne,52,11,NA,NA,NA,NA,NA,NA,0.068470536,0.49745495,0.282962743
price,52,11,NA,NA,NA,NA,NA,NA,-0.112028037,0.307416233,0.097694098
clarkduke,94,11,NA,NA,NA,NA,NA,NA,NA,NA,NA
clarkharvard,94,11,NA,NA,NA,NA,NA,NA,0.276365509,0.164017866,0.220191688
clarkduke,95,11,NA,NA,NA,NA,NA,NA,NA,NA,NA
clarkharvard,95,11,NA,NA,NA,NA,NA,NA,0.37252258,0.737659785,0.555091183
clarkduke,96,11,NA,NA,NA,NA,NA,NA,NA,NA,NA
clarkharvard,96,11,NA,NA,NA,NA,NA,NA,-0.841787773,-0.942571275,-0.892179524
clarkduke,106,11,NA,NA,NA,NA,NA,NA,NA,NA,NA
clarkharvard,106,11,NA,NA,NA,NA,NA,NA,1.141276115,1.421491098,1.281383607
clarkduke,107,11,NA,NA,NA,NA,NA,NA,NA,NA,NA
clarkharvard,107,11,NA,NA,NA,NA,NA,NA,-0.374286006,-0.311970265,-0.343128136
clarkduke,108,11,NA,NA,NA,NA,NA,NA,-2.425375,-0.42375,-1.4245625
clarkharvard,108,11,NA,NA,NA,NA,NA,NA,-0.176122369,-0.495236174,-0.335679272
chuine,67,11,1,12,NA,NA,NA,NA,NA,NA,NA
chuine,69,11,4,12,NA,NA,NA,NA,NA,NA,NA
chuine,76,11,1,13,NA,NA,NA,NA,NA,NA,NA
chuine,78,11,4,13,NA,NA,NA,NA,NA,NA,NA
chuine,84,11,1,14,NA,NA,NA,NA,NA,NA,NA
chuine,80,11,4,14,NA,NA,NA,NA,NA,NA,NA
bace,1,1,1,1,3,2.146303716,0.649794163,1.398048939,0.736086917,1.315029717,1.025558317
bace,16,2,1,1,3,3.992025006,0.953049452,2.472537229,2.690698815,1.617003613,2.153851214
bace,31,3,1,1,3,4.604136725,2.143821136,3.373978931,3.336253919,2.808231936,3.072242928
bace,43,4,1,1,3,4.757244017,2.980227169,3.868735593,4.296554463,4.563419575,4.429987019
bace,51,1,2,1,3,0.130481329,-0.084911924,0.022784702,0.344199417,-0.196625148,0.073787135
bace,50,2,2,1,3,0.044083036,1.452591578,0.748337307,0.253435574,1.335286831,0.794361203
bace,49,3,2,1,3,1.639856747,2.956160077,2.298008412,1.940968242,2.834132761,2.387550502
bace,48,4,2,1,3,3.509877704,3.053747769,3.281812736,3.746882388,3.887331005,3.817106696
bace,4,1,3,1,3,-0.576722436,-0.655319052,-0.616020744,-0.970846039,-0.181521623,-0.576183831
bace,3,2,3,1,3,0.753754231,1.10789835,0.93082629,0.437915467,1.576387842,1.007151654
bace,2,3,3,1,3,2.359864362,1.122452348,1.741158355,2.135264698,1.590283658,1.862774178
bace,52,4,3,1,3,2.484824443,2.690324981,2.587574712,2.440970281,2.139717661,2.290343971
bace,21,1,1,2,3,2.557828442,0.302908396,1.430368419,2.262105118,0.860060385,1.561082752
bace,20,2,1,2,3,5.04873468,2.875972188,3.962353434,4.858949634,3.422778909,4.140864272
bace,19,3,1,2,3,5.241946559,2.936487691,4.089217125,5.084589447,3.48321209,4.283900769
bace,18,4,1,2,3,5.364637959,3.56452346,4.464580709,5.492783087,3.940465288,4.716624187
bace,8,1,2,2,3,0.02873676,-0.405713861,-0.18848855,-0.582824978,0.178275992,-0.202274493
bace,7,2,2,2,3,1.79491288,-0.035404922,0.879753979,1.283485301,0.547272978,0.915379139
bace,6,3,2,2,3,5.686372399,2.66342545,4.174898925,5.398708545,3.237626575,4.31816756
bace,5,4,2,2,3,2.595362897,2.171193096,2.383277996,2.831786659,2.589369543,2.710578101
bace,9,1,3,2,3,1.727494066,1.307485772,1.517489919,1.597854074,-0.208292563,0.694780755
bace,10,2,3,2,3,1.692717105,3.441041824,2.566879465,1.560874756,1.919008364,1.73994156
bace,11,3,3,2,3,1.073098074,3.358289801,2.215693938,0.90951178,1.841270341,1.37539106
bace,17,4,3,2,3,3.353035794,3.979480416,3.666258105,3.145317468,2.634666038,2.889991753
bace,35,1,1,3,3,1.650541836,0.614413193,1.132477515,3.948375588,-0.017875673,1.965249958
bace,36,2,1,3,3,0.465226929,2.383248704,1.424237817,2.716222367,1.759461791,2.237842079
bace,37,3,1,3,3,3.105076884,2.810080451,2.957578667,5.507866951,2.184952899,3.846409925
bace,38,4,1,3,3,6.652394244,3.644917385,5.148655814,7.343954998,3.189967607,5.266961302
bace,34,1,2,3,3,-0.157629948,0.488792123,0.165581087,0.258357991,0.010048083,0.134203037
bace,33,2,2,3,3,0.667370156,0.790940818,0.729155487,1.127128749,0.309425094,0.718276922
bace,32,3,2,3,3,1.303230078,2.461523719,1.882376899,1.799551402,1.97476085,1.887156126
bace,26,4,2,3,3,3.401246171,3.693829326,3.547537749,5.560886027,3.413937579,4.487411803
bace,22,1,3,3,3,-0.718997392,-0.461744628,-0.59037101,0.867344359,1.297708161,1.08252626
bace,23,2,3,3,3,-0.580994337,-0.387969004,-0.48448167,1.010229337,1.357956612,1.184092975
bace,24,3,3,3,3,1.290612687,-0.039490307,0.62556119,2.997538656,1.717879557,2.357709106
bace,25,4,3,3,3,3.289908855,3.078081375,3.183995115,3.962414657,3.776346693,3.869380675
force,12,1,2,1,4,0.687610619,-0.140771176,0.273419722,-0.258777496,0.023984772,-0.117396362
force,14,2,2,1,4,1.28091024,2.395006321,1.837958281,1.916476311,2.239086294,2.077781303
force,15,1,3,1,4,-0.876611884,-0.124841972,-0.500726928,0.623454045,-0.01178526,0.305834392
force,13,2,3,1,4,0.156637168,2.002970923,1.079804046,1.447060068,2.37106599,1.909063029
force,27,1,2,2,4,-0.44323641,0.331795196,-0.055720607,0.692999154,-0.726903553,-0.0169522
force,29,2,2,2,4,0.990771176,2.432680152,1.711725664,1.8232022,2.635152284,2.229177242
force,30,1,3,2,4,-0.619595449,-0.047977244,-0.333786346,-0.1767978,0.13819797,-0.019299915
force,28,2,3,2,4,1.145891277,2.86908976,2.007490518,1.843887479,2.311294416,2.077590948
force,39,1,2,3,4,-0.456637168,-0.319532238,-0.388084703,-0.371848562,0.323350254,-0.024249154
force,41,2,2,3,4,1.006700379,2.482869785,1.744785082,1.888684433,2.975507614,2.432096024
force,42,1,3,3,4,0.536283186,-0.321681416,0.107300885,0.089445854,0.386167513,0.237806684
force,40,2,3,3,4,0.343362832,2.250505689,1.29693426,0.952643824,1.249746193,1.101195008
force,44,1,2,4,4,0.212262958,0.128508217,0.170385588,-0.062452351,0.380050826,0.158799238
force,46,2,2,4,4,1.196839444,1.994753477,1.59579646,3.054050042,3.517080153,3.285565098
force,47,1,3,4,4,0.111757269,-0.438369153,-0.163305942,0.586019459,0.474619289,0.530319374
force,45,2,3,4,4,1.349051833,2.062262958,1.705657396,1.65607022,2.252411168,1.954240694
