"site","plot","temptreat","preciptreat","block","AG.type","AGtemp_max_dev","AGtemp_min_dev","AGtemp_mean_dev","BGtemp_max_dev","BGtemp_min_dev","BGtemp_mean_dev"
"exp12","2","0","0","1","air",1.7661380984375,-0.1323352375,0.81690143046875,0.49709433671875,0.1573481234375,0.327221230078125
"exp12","3","1","0","1","air",3.75264848070175,3.47261583859649,3.61263215964912,2.65434490292398,3.15415927875244,2.90425209083821
"exp12","4","0","1","1","air",-0.057322001075269,0.126597382795699,0.034637690860215,-0.739955479569893,1.10669375376344,0.183369137096774
"exp12","1","1","1","1","air",-0.377741153515625,4.05680370195313,1.83953127421875,3.4960107703125,2.67752694375,3.08676885703125
"exp12","10","0","0","2","air",-1.59162444148728,0.460660043835616,-0.565482198825832,0.475850691585127,-0.0327349878669276,0.2215578518591
"exp12","6","0","0","2","air",0.529430362818004,-0.0246566782778865,0.252386842270059,-0.164590781996086,-0.253183522113503,-0.208887152054795
"exp12","7","1","0","2","air",-0.900536049295775,2.23491313661972,0.667188543661972,0.16042438028169,0.587862376056338,0.374143378169014
"exp12","8","0","1","2","air",-6.44648689941292,4.45634496947162,-0.995070964970646,10.8099990282353,-8.39555481174168,1.21198533882353
"exp12","9","1","1","2","air",2.27904983248532,2.82612357808219,2.55258670528376,2.3083835409002,2.00255301213307,2.15546827651663
"exp12","14","0","0","3","air",-0.864556410176125,0.613071609393346,-0.125742400391389,-0.315496349510763,-0.366923688454012,-0.341210018982387
"exp12","12","1","0","3","air",-9.17622164285714,9.33133085168067,0.0775546044117647,0.132831248739496,2.76575209285714,1.44929167079832
"exp12","15","1","0","3","air",-8.38020882309198,7.97018563091977,-0.205011596086106,9.76344480117417,-3.36030326183953,3.20157076966732
"exp12","11","0","1","3","air",-3.07020286418787,0.179648488062622,-1.44527718806262,0.533951126027397,-1.33836266692759,-0.402205770450098
"exp12","13","1","1","3","air",-1.28692299334638,3.28591096555773,0.999493986105675,-0.126026985518591,2.83102296908023,1.35249799178082
"exp12","18","0","0","4","air",0.15715615146771,-0.916480764383562,-0.379662306457926,-0.493830684148728,0.495186153033268,0.000677734442270062
"exp12","19","1","0","4","air",0.39870395390625,3.425301496875,1.91200272539062,2.1714170359375,2.505510771875,2.33846390390625
"exp12","16","0","1","4","air",-0.273952104892368,0.368628016438356,0.0473379557729941,-0.221824421917808,-0.190693929158513,-0.206259175538161
"exp12","20","0","1","4","air",-0.517257567578125,-0.2448631984375,-0.381060383007812,-0.5911853390625,0.1303406234375,-0.2304223578125
"exp12","17","1","1","4","air",0.921549953623189,-0.324176327536232,0.298686813043478,NA,NA,NA
"exp02","a6","1","-1","a","air",NA,NA,NA,NA,NA,NA
"exp02","a2","2","-1","a","air",NA,NA,NA,NA,NA,NA
"exp02","a1","1","0","a","air",NA,NA,NA,NA,NA,NA
"exp02","a4","2","0","a","air",NA,NA,NA,NA,NA,NA
"exp02","b2","1","-1","b","air",NA,NA,NA,NA,NA,NA
"exp02","b3","2","-1","b","air",NA,NA,NA,NA,NA,NA
"exp02","b4","1","0","b","air",NA,NA,NA,NA,NA,NA
"exp02","b6","2","0","b","air",NA,NA,NA,NA,NA,NA
"exp07","11","0",NA,NA,"air",-0.16681255268926,0.29588669701568,0.0645370721632103,-0.0619536749482402,0.0142920548654244,-0.0238308100414079
"exp10","11","0",NA,NA,"air",0.160488961204696,0.231607963246554,0.196048462225625,0.705870625798212,-0.546884163473819,0.0794932311621967
"exp10","2","0",NA,NA,"air",-0.153541516894321,0.273137431104721,0.0597979571052,0.675238916846393,-0.758304097771388,-0.041532590462497
"exp07","4","0",NA,NA,"air",0.095122380952381,0.284737835497835,0.189930108225108,-0.137054033687943,0.227730939716312,0.0453384530141844
"exp10","5","0",NA,NA,"air",-0.0540804887509697,0.00660124127230411,-0.0237396237393329,-1.03166887503248,0.26080553390491,-0.385431670563783
"exp07","6","0",NA,NA,"air",-0.109267724196277,0.282922165820643,0.0868272208121827,-0.277781255479572,-0.302872654743118,-0.290326955111345
"exp03","G01","0",NA,NA,"air",1.87514218036355,0.00757422478180592,0.94135820257268,0.465485294027892,0.0550899402827366,0.260287617155314
"exp04","G02","0",NA,NA,"air",0.531516791995305,-0.0373076076149967,0.247104592190154,0.0964704673119391,-0.107718893581391,-0.00562421313472566
"exp03","G04","0",NA,NA,"air",1.66939205448239,0.027898318437395,0.848645186459891,0.339263717995667,0.0198995576039856,0.179581637799826
"exp04","G04","0",NA,NA,"air",1.39812030535834,0.0333918727205569,0.715756089039446,0.968548512054654,0.254729049751665,0.611638780903159
"exp03","G07","0",NA,NA,"air",1.40460997996074,0.0460818028281303,0.725345891394433,1.05769669886173,0.0077786109776009,0.532737654919665
"exp04","G07","0",NA,NA,"air",0.443112510544847,0.0472940255840041,0.245203268064425,-0.49757395198115,-0.302573440077644,-0.400073696029397
"exp04","S02","0",NA,NA,"air",-0.449633109254368,0.203878461481996,-0.122877323886186,-0.331368747648299,-0.217023641756478,-0.274196194702389
"exp03","S03","0",NA,NA,"air",-1.05923568972708,0.273856299303457,-0.392689695211811,-1.69697568280997,-0.307376474621593,-1.00217607871578
"exp03","S04","0",NA,NA,"air",-0.733980238804008,0.308888048207857,-0.212546095298076,-1.42175145254881,-0.15018075151938,-0.785966102034097
"exp04","S05","0",NA,NA,"air",-0.276705625712661,0.466384648569245,0.0948395114282918,-0.507055172850794,0.105634285517035,-0.20071044366688
"exp04","S07","0",NA,NA,"air",-0.270858181588979,0.422159118755247,0.0756504685831336,-0.551523891039854,-0.0904383366518714,-0.320981113845863
"exp03","S08","0",NA,NA,"air",-0.919147222536308,0.320598982172471,-0.299274120181919,-1.30932700550279,-0.0726146690788482,-0.690970837290819
"exp10","6","1",NA,NA,"air",2.05360641418006,1.19391736801836,1.62376189109921,0.346314078041316,0.160926931905126,0.253620504973221
"exp07","8","1",NA,NA,"air",1.96600206646424,1.71637398785425,1.84118802715924,0.26924344664299,0.597900854050397,0.433572150346694
"exp04","G01","1",NA,NA,"air",2.86980570973386,1.64286242057901,2.25633406515643,3.95693099287564,3.06451483110221,3.51072291198892
"exp03","G03","1",NA,NA,"air",3.23881629919538,2.16338998510406,2.70110314214972,3.25582630611248,3.0321453783492,3.14398584223084
"exp03","G05","1",NA,NA,"air",3.08960340896375,2.39088343928332,2.74024342412354,3.50533934740151,2.80830509637539,3.15682222188845
"exp04","G06","1",NA,NA,"air",2.19153932972303,1.90896900418101,2.05025416695202,3.26310691602301,2.87321617085908,3.06816154344104
"exp04","G08","1",NA,NA,"air",1.82758784396286,1.69624584776197,1.76191684586242,3.23935593985272,2.8232373128237,3.03129662633821
"exp03","G09","1",NA,NA,"air",2.75026836364654,2.72773610796408,2.73900223580531,3.16383864246697,2.739876068178,2.95185735532248
"exp03","S02","1",NA,NA,"air",0.863021133032236,2.10140921974656,1.4822151763894,1.45819035445085,2.66021345488495,2.0592019046679
"exp04","S03","1",NA,NA,"air",1.39294816416957,1.97038638074765,1.68166727245861,2.73718374574709,2.81582068962164,2.77650221768437
"exp03","S05","1",NA,NA,"air",1.06147622551018,2.6159738237262,1.83872502461819,1.74159558692487,2.71208188305,2.22683873498743
"exp04","S06","1",NA,NA,"air",1.60500267621852,2.08070139235514,1.84285203428683,2.66707483629892,2.7762469840631,2.72166091018101
"exp04","S08","1",NA,NA,"air",1.89186326957072,2.72865547362385,2.31025937159729,2.62576847763094,2.77994774458846,2.7028581111097
"exp03","S09","1",NA,NA,"air",1.10939000142725,2.3848228568203,1.74710642912377,1.52236255761865,2.68248255091284,2.10242255426574
"exp07","3","2",NA,NA,"air",2.13399986924686,1.90316248256625,2.01858117590656,-0.0207055435565155,0.842563489920806,0.410928973182145
"exp10","4","2",NA,NA,"air",2.13946794403893,1.32093619221411,1.73020206812652,1.92922148800783,0.300040565345081,1.11463102667646
"exp03","G02","2",NA,NA,"air",4.00125436566063,3.10058323787345,3.55091880176704,4.95415578748207,4.3440533843915,4.64910458593678
"exp04","G03","2",NA,NA,"air",2.54465667105192,2.72171257150324,2.63318462127758,5.01908118971577,4.81177787876665,4.91542953424121
"exp04","G05","2",NA,NA,"air",3.42027566198615,1.90866885644662,2.66447225921638,5.31373317845432,4.55806157086074,4.93589737465753
"exp03","G06","2",NA,NA,"air",3.1101933384703,2.52386450675562,2.81702892261296,4.85050749946596,4.35547130986985,4.6029894046679
"exp03","G08","2",NA,NA,"air",2.72052707462337,2.99618787030044,2.85835747246191,4.75929476029174,4.28227986978928,4.52078731504051
"exp04","G09","2",NA,NA,"air",2.67690528637884,2.56176581117711,2.61933554877797,5.02141147069715,4.62082911475631,4.82112029272673
"exp03","S01","2",NA,NA,"air",1.46188518137061,2.56797699416751,2.01493108776906,2.9637605961427,4.18929759385776,3.57652909500023
"exp04","S01","2",NA,NA,"air",1.88468694879913,1.87602794881483,1.88035744880698,4.65526698372406,4.60855826852855,4.63191262612631
"exp04","S04","2",NA,NA,"air",2.54629400022907,2.73652286654516,2.64140843338712,4.57015898964249,4.66869191226847,4.61942545095548
"exp03","S06","2",NA,NA,"air",2.30379481726469,3.75954721600332,3.031671016634,3.20586386514398,4.24519167420473,3.72552776967436
"exp03","S07","2",NA,NA,"air",1.45937674385149,2.87874410881392,2.1690604263327,3.06888680502694,4.20593652320151,3.63741166411423
"exp04","S09","2",NA,NA,"air",2.59130254985671,2.95275992606243,2.77203123795957,4.64743603795055,4.70257788943162,4.67500696369109
"exp10","10","3",NA,NA,"air",2.18925025464731,1.81887394957983,2.00406210211357,-0.225597052067381,1.4070191424196,0.59071104517611
"exp07","9","3",NA,NA,"air",2.49749558470508,1.97508650548697,2.23629104509602,0.466306143134144,0.719524193548387,0.592915168341266
"exp07","7","4",NA,NA,"air",3.5507693329904,2.47114831961591,3.01095882630315,1.19999914000688,1.0019229876161,1.10096106381149
"exp10","7","4",NA,NA,"air",2.41544141914191,2.29805940594059,2.35675041254125,1.45451108562691,1.05241399082569,1.2534625382263
"exp10","1","5",NA,NA,"air",3.46570722501797,2.48618991133477,2.97594856817637,2.67927818448023,0.684773487066862,1.68202583577355
"exp07","12","5",NA,NA,"air",3.23871876600102,2.83560343061956,3.03716109831029,0.589486830629688,1.63418908076051,1.1118379556951
"exp10","12","6",NA,NA,"air",3.97408231318541,3.10117291507269,3.53762761412905,1.09980604437643,1.57239671002295,1.33610137719969
"exp07","2","6",NA,NA,"air",4.47348277467412,3.29808887760284,3.88578582613848,2.23749842682488,1.28675696691837,1.76212769687163
"exp07","10","7",NA,NA,"air",4.62217460924227,3.13523114169215,3.87870287546721,1.65648906755147,1.59693683001531,1.62671294878339
"exp10","3","7",NA,NA,"air",4.67677624011503,3.47682254972442,4.07679939491972,4.09627989456027,0.761208483105679,2.42874418883297
"exp07","5","8",NA,NA,"air",5.28654734655816,3.73518006103764,4.5108637037979,2.04278702290076,2.07670856658185,2.05974779474131
"exp10","8","8",NA,NA,"air",4.9248653307888,4.21214809160305,4.56850671119593,1.24822838561591,2.127980489671,1.68810443764346
"exp07","1","9",NA,NA,"air",5.75347791624279,4.02375279755849,4.88861535690064,1.96737591274188,1.76936500547645,1.86837045910916
"exp10","9","9",NA,NA,"air",5.40945630943202,4.18385119506554,4.79665375224878,1.94279996141975,1.20181867283951,1.57230931712963
"exp03","G10","ambient",NA,NA,"air",1.21590468108054,-0.154725936662058,0.53058937220924,2.67300362290895,0.424548147981512,1.54877588544523
"exp04","G10","ambient",NA,NA,"air",0.878894102634764,-0.422696705193566,0.228098698720599,1.40783103197273,0.606386255324619,1.00710864364868
"exp03","G11","ambient",NA,NA,"air",0.707600382438005,-0.392550314490112,0.157525033973946,2.42299315910805,0.600647789761301,1.51182047443467
"exp04","G11","ambient",NA,NA,"air",-0.472388209834481,-0.288085413494972,-0.380236811664726,0.140912382434071,0.300868398195445,0.220890390314758
"exp03","G12","ambient",NA,NA,"air",-0.670077282217601,-0.278967672458941,-0.474522477338271,0.633195710641483,-0.420148967403103,0.10652337161919
"exp04","G12","ambient",NA,NA,"air",-0.347802960200737,-0.297664503283387,-0.322733731742062,0.119866498932313,-0.123953824271163,-0.0020436626694249
"exp07","OUT","ambient",NA,NA,"air",0.188507942708333,-0.880440104166667,-0.345966080729167,0.499105255916346,0.0591618968996515,0.279133576407999
"exp10","OUT","ambient",NA,NA,"air",0.0526714915415774,-0.493869311412914,-0.220598909935668,-0.383693590659995,1.02492589945199,0.320616154395997
"exp03","S10","ambient",NA,NA,"air",-1.55419637489159,-0.187158598173975,-0.870677486532784,-0.998773050820707,-0.149128673453283,-0.573950862136995
"exp04","S10","ambient",NA,NA,"air",-0.62161095644067,-0.000257335474637713,-0.310934145957654,-0.158009745872793,0.387545239745493,0.11476774693635
"exp03","S11","ambient",NA,NA,"air",-0.936106683004923,-0.167106421976828,-0.551606552490876,-0.643876553579272,-0.126244576196751,-0.385060564888011
"exp04","S11","ambient",NA,NA,"air",-0.621514577475652,0.0336524128812936,-0.293931082297179,-1.21319131217412,-0.840565443279893,-1.02687837772701
"exp03","S12","ambient",NA,NA,"air",-1.44008308899092,-0.0494177905503254,-0.744750439770624,-0.788864031334342,0.227447400324754,-0.280708315504794
"exp04","S12","ambient",NA,NA,"air",-0.816379523440371,-0.0814440808188166,-0.448911802129594,0.121693398393212,-0.0925210588494298,0.0145861697718911
"exp02","c6","1","-1","c","air",NA,NA,NA,NA,NA,NA
"exp02","c4","2","-1","c","air",NA,NA,NA,NA,NA,NA
"exp02","c5","1","0","c","air",NA,NA,NA,NA,NA,NA
"exp02","c2","2","0","c","air",NA,NA,NA,NA,NA,NA
"exp02","d2","1","-1","d","air",NA,NA,NA,NA,NA,NA
"exp02","d1","2","-1","d","air",NA,NA,NA,NA,NA,NA
"exp02","d5","1","0","d","air",NA,NA,NA,NA,NA,NA
"exp02","d3","2","0","d","air",NA,NA,NA,NA,NA,NA
"exp02","e5","1","-1","e","air",NA,NA,NA,NA,NA,NA
"exp02","e4","2","-1","e","air",NA,NA,NA,NA,NA,NA
"exp02","e1","1","0","e","air",NA,NA,NA,NA,NA,NA
"exp02","e3","2","0","e","air",NA,NA,NA,NA,NA,NA
"exp09","1A","0","0","1",NA,NA,NA,NA,-0.0483443708609271,-0.150165562913907,-0.0992549668874172
"exp12","2","0","0","1",NA,NA,NA,NA,NA,NA,NA
"exp09","1H","1","0","1",NA,NA,NA,NA,1.33046357615894,1.47433774834437,1.40240066225166
"exp12","3","1","0","1",NA,NA,NA,NA,NA,NA,NA
"exp05","3-4","1","0","1",NA,NA,NA,NA,NA,NA,NA
"exp05","1-3","ambient","0","1",NA,NA,NA,NA,NA,NA,NA
"exp05","33-1","ambient","0","1",NA,NA,NA,NA,NA,NA,NA
"exp05","33-2","ambient","0","1",NA,NA,NA,NA,NA,NA,NA
"exp05","33-3","ambient","0","1",NA,NA,NA,NA,NA,NA,NA
"exp09","1W","0","1","1",NA,NA,NA,NA,0.264166666666667,-0.250666666666667,0.00674999999999996
"exp12","4","0","1","1",NA,NA,NA,NA,-0.475137943558282,1.01299322638037,0.268927641411043
"exp12","1","1","1","1",NA,NA,NA,NA,NA,NA,NA
"exp09","1B","1","1","1",NA,NA,NA,NA,1.02980132450331,1.60943708609272,1.31961920529801
"exp05","3-2","1","1","1",NA,NA,NA,NA,NA,NA,NA
"exp12","5","1","1","1",NA,NA,NA,NA,2.17439216992481,2.38810478345865,2.28124847669173
"exp05","1-1","ambient","1","1",NA,NA,NA,NA,NA,NA,NA
"exp08","3","0",NA,"1",NA,NA,NA,NA,NA,NA,NA
"exp08","1","1",NA,"1",NA,NA,NA,NA,NA,NA,NA
"exp08","2","ambient",NA,"1",NA,NA,NA,NA,NA,NA,NA
"exp12","10","0","0","2",NA,NA,NA,NA,NA,NA,NA
"exp09","2A","0","0","2",NA,NA,NA,NA,0.92317880794702,-0.0455298013245033,0.438824503311258
"exp12","6","0","0","2",NA,NA,NA,NA,NA,NA,NA
"exp09","2H","1","0","2",NA,NA,NA,NA,0.906622516556291,1.53460264900662,1.22061258278146
"exp12","7","1","0","2",NA,NA,NA,NA,1.88369223685637,2.82561021084011,2.35465122384824
"exp05","9-2","1","0","2",NA,NA,NA,NA,NA,NA,NA
"exp05","8-2","ambient","0","2",NA,NA,NA,NA,NA,NA,NA
"exp09","2W","0","1","2",NA,NA,NA,NA,0.00794701986754966,-0.187913907284768,-0.0899834437086093
"exp12","8","0","1","2",NA,NA,NA,NA,NA,NA,NA
"exp09","2B","1","1","2",NA,NA,NA,NA,1.35165562913907,1.73526490066225,1.54346026490066
"exp12","9","1","1","2",NA,NA,NA,NA,NA,NA,NA
"exp05","9-4","1","1","2",NA,NA,NA,NA,NA,NA,NA
"exp05","8-1","ambient","1","2",NA,NA,NA,NA,NA,NA,NA
"exp08","5","0",NA,"2",NA,NA,NA,NA,NA,NA,NA
"exp08","6","1",NA,"2",NA,NA,NA,NA,NA,NA,NA
"exp08","4","ambient",NA,"2",NA,NA,NA,NA,NA,NA,NA
"exp12","14","0","0","3",NA,NA,NA,NA,NA,NA,NA
"exp09","3A","0","0","3",NA,NA,NA,NA,-0.618543046357616,0.157781456953642,-0.230380794701987
"exp12","12","1","0","3",NA,NA,NA,NA,-0.202544571428571,1.90977142857143,0.853613428571429
"exp12","15","1","0","3",NA,NA,NA,NA,NA,NA,NA
"exp09","3H","1","0","3",NA,NA,NA,NA,0.0874172185430464,1.91605960264901,1.00173841059603
"exp05","6-2","1","0","3",NA,NA,NA,NA,NA,NA,NA
"exp05","5-3","ambient","0","3",NA,NA,NA,NA,NA,NA,NA
"exp12","11","0","1","3",NA,NA,NA,NA,NA,NA,NA
"exp09","3W","0","1","3",NA,NA,NA,NA,-0.259395973154362,0.264765100671141,0.00268456375838917
"exp12","13","1","1","3",NA,NA,NA,NA,NA,NA,NA
"exp09","3B","1","1","3",NA,NA,NA,NA,1.54370860927152,0.880298013245033,1.21200331125828
"exp05","6-3","1","1","3",NA,NA,NA,NA,NA,NA,NA
"exp05","5-2","ambient","1","3",NA,NA,NA,NA,NA,NA,NA
"exp08","9","0",NA,"3",NA,NA,NA,NA,NA,NA,NA
"exp08","8","1",NA,"3",NA,NA,NA,NA,NA,NA,NA
"exp08","7","ambient",NA,"3",NA,NA,NA,NA,NA,NA,NA
"exp12","18","0","0","4",NA,NA,NA,NA,NA,NA,NA
"exp09","4A","0","0","4",NA,NA,NA,NA,-0.256291390728477,0.0379139072847682,-0.109188741721854
"exp12","19","1","0","4",NA,NA,NA,NA,NA,NA,NA
"exp05","26-3","1","0","4",NA,NA,NA,NA,NA,NA,NA
"exp09","4H","1","0","4",NA,NA,NA,NA,1.59403973509934,1.7908940397351,1.69246688741722
"exp05","32-1","ambient","0","4",NA,NA,NA,NA,NA,NA,NA
"exp05","34-1","ambient","0","4",NA,NA,NA,NA,NA,NA,NA
"exp05","34-2","ambient","0","4",NA,NA,NA,NA,NA,NA,NA
"exp05","34-4","ambient","0","4",NA,NA,NA,NA,NA,NA,NA
"exp12","16","0","1","4",NA,NA,NA,NA,NA,NA,NA
"exp12","20","0","1","4",NA,NA,NA,NA,NA,NA,NA
"exp09","4W","0","1","4",NA,NA,NA,NA,-0.920529801324503,0.235927152317881,-0.342301324503311
"exp12","17","1","1","4",NA,NA,NA,NA,NA,NA,NA
"exp05","26-2","1","1","4",NA,NA,NA,NA,NA,NA,NA
"exp09","4B","1","1","4",NA,NA,NA,NA,1.01324503311258,1.74056291390728,1.37690397350993
"exp05","32-3","ambient","1","4",NA,NA,NA,NA,NA,NA,NA
"exp08","10","0",NA,"4",NA,NA,NA,NA,NA,NA,NA
"exp08","12","1",NA,"4",NA,NA,NA,NA,NA,NA,NA
"exp08","11","ambient",NA,"4",NA,NA,NA,NA,NA,NA,NA
"exp05","16-3","1","0","5",NA,NA,NA,NA,NA,NA,NA
"exp05","17-2","ambient","0","5",NA,NA,NA,NA,NA,NA,NA
"exp05","16-4","1","1","5",NA,NA,NA,NA,NA,NA,NA
"exp05","17-1","ambient","1","5",NA,NA,NA,NA,NA,NA,NA
"exp08","13","0",NA,"5",NA,NA,NA,NA,NA,NA,NA
"exp08","15","1",NA,"5",NA,NA,NA,NA,NA,NA,NA
"exp08","14","ambient",NA,"5",NA,NA,NA,NA,NA,NA,NA
"exp05","20-3","1","0","6",NA,NA,NA,NA,NA,NA,NA
"exp05","31-4","ambient","0","6",NA,NA,NA,NA,NA,NA,NA
"exp05","35-1","ambient","0","6",NA,NA,NA,NA,NA,NA,NA
"exp05","35-2","ambient","0","6",NA,NA,NA,NA,NA,NA,NA
"exp05","35-3","ambient","0","6",NA,NA,NA,NA,NA,NA,NA
"exp05","20-2","1","1","6",NA,NA,NA,NA,NA,NA,NA
"exp05","31-3","ambient","1","6",NA,NA,NA,NA,NA,NA,NA
"exp08","17","0",NA,"6",NA,NA,NA,NA,NA,NA,NA
"exp08","16","1",NA,"6",NA,NA,NA,NA,NA,NA,NA
"exp08","18","ambient",NA,"6",NA,NA,NA,NA,NA,NA,NA
"exp05","30-4","1","0","7",NA,NA,NA,NA,NA,NA,NA
"exp05","27-3","ambient","0","7",NA,NA,NA,NA,NA,NA,NA
"exp05","30-1","1","1","7",NA,NA,NA,NA,NA,NA,NA
"exp05","27-4","ambient","1","7",NA,NA,NA,NA,NA,NA,NA
"exp05","22-2","1","0","8",NA,NA,NA,NA,NA,NA,NA
"exp05","23-2","ambient","0","8",NA,NA,NA,NA,NA,NA,NA
"exp05","36-1","ambient","0","8",NA,NA,NA,NA,NA,NA,NA
"exp05","36-2","ambient","0","8",NA,NA,NA,NA,NA,NA,NA
"exp05","36-4","ambient","0","8",NA,NA,NA,NA,NA,NA,NA
"exp05","22-3","1","1","8",NA,NA,NA,NA,NA,NA,NA
"exp05","23-3","ambient","1","8",NA,NA,NA,NA,NA,NA,NA
"exp02","a3","ambient","-1","a",NA,NA,NA,NA,NA,NA,NA
"exp02","a5","ambient","0","a",NA,NA,NA,NA,NA,NA,NA
"exp02","b5","ambient","-1","b",NA,NA,NA,NA,NA,NA,NA
"exp02","b1","ambient","0","b",NA,NA,NA,NA,NA,NA,NA
"exp07","11","0",NA,NA,NA,NA,NA,NA,0.3295,0.142541666666666,0.236020833333334
"exp10","11","0",NA,NA,NA,NA,NA,NA,NA,NA,NA
"exp10","2","0",NA,NA,NA,NA,NA,NA,NA,NA,NA
"exp07","4","0",NA,NA,NA,NA,NA,NA,-0.433578125,0.1081875,-0.1626953125
"exp10","5","0",NA,NA,NA,NA,NA,NA,NA,NA,NA
"exp07","6","0",NA,NA,NA,NA,NA,NA,-0.223,-0.67325,-0.448125
"exp03","G01","0",NA,NA,NA,NA,NA,NA,NA,NA,NA
"exp04","G02","0",NA,NA,NA,NA,NA,NA,-0.618446612395454,-1.01019400258788,-0.814320307491667
"exp03","G04","0",NA,NA,NA,NA,NA,NA,NA,NA,NA
"exp04","G04","0",NA,NA,NA,NA,NA,NA,-0.0736824704681818,-0.327093244951515,-0.200387857709848
"exp03","G07","0",NA,NA,NA,NA,NA,NA,NA,NA,NA
"exp04","G07","0",NA,NA,NA,NA,NA,NA,-0.566802167322727,-0.628914204424242,-0.597858185873485
"exp04","S02","0",NA,NA,NA,NA,NA,NA,-4.50969590907119e-05,0.0258229169030303,0.0128889099719698
"exp03","S03","0",NA,NA,NA,NA,NA,NA,NA,NA,NA
"exp03","S04","0",NA,NA,NA,NA,NA,NA,-1.69430555555558,-0.447395833333335,-1.07085069444446
"exp04","S05","0",NA,NA,NA,NA,NA,NA,0.203095812222727,0.390960037848485,0.297027925035606
"exp04","S07","0",NA,NA,NA,NA,NA,NA,0.657912479040909,0.97602746190303,0.81696997047197
"exp03","S08","0",NA,NA,NA,NA,NA,NA,NA,NA,NA
"exp06","10","1",NA,NA,NA,NA,NA,NA,1.02606736566186,1.35377129022863,1.18991932794524
"exp11","10","1",NA,NA,NA,NA,NA,NA,0.824889876828329,0.901434924300744,0.863162400564536
"exp06","2","1",NA,NA,NA,NA,NA,NA,0.502564221272555,0.373351590693258,0.437957905982906
"exp11","2","1",NA,NA,NA,NA,NA,NA,0.385841263335936,0.167119626593808,0.276480444964872
"exp06","4","1",NA,NA,NA,NA,NA,NA,0.12115674338035,0.733078940856224,0.427117842118287
"exp11","4","1",NA,NA,NA,NA,NA,NA,-0.208537951966216,0.549449175244129,0.170455611638956
"exp06","6","1",NA,NA,NA,NA,NA,NA,1.66466985306257,0.887917186726102,1.27629351989434
"exp10","6","1",NA,NA,NA,NA,NA,NA,0.962499999999999,0.669999999999999,0.816249999999999
"exp11","6","1",NA,NA,NA,NA,NA,NA,0.897340148235602,0.441336809654991,0.669338478945296
"exp06","8","1",NA,NA,NA,NA,NA,NA,0.0431766981556468,1.12633824411456,0.584757471135103
"exp07","8","1",NA,NA,NA,NA,NA,NA,0.32,-0.77525,-0.227625
"exp11","8","1",NA,NA,NA,NA,NA,NA,-0.214857322404372,0.625529362477231,0.20533602003643
"exp04","G01","1",NA,NA,NA,NA,NA,NA,2.98909581236818,2.96256710855758,2.97583146046288
"exp03","G03","1",NA,NA,NA,NA,NA,NA,NA,NA,NA
"exp03","G05","1",NA,NA,NA,NA,NA,NA,NA,NA,NA
"exp04","G06","1",NA,NA,NA,NA,NA,NA,2.91394025667727,2.90278074490303,2.90836050079015
"exp04","G08","1",NA,NA,NA,NA,NA,NA,2.84995439798636,2.89927114892121,2.87461277345379
"exp03","G09","1",NA,NA,NA,NA,NA,NA,NA,NA,NA
"exp03","S02","1",NA,NA,NA,NA,NA,NA,NA,NA,NA
"exp04","S03","1",NA,NA,NA,NA,NA,NA,3.13790414538636,3.17159564388485,3.15474989463561
"exp03","S05","1",NA,NA,NA,NA,NA,NA,0.14299537037037,2.27360416666667,1.20829976851852
"exp04","S06","1",NA,NA,NA,NA,NA,NA,3.15236929747727,3.15966003804848,3.15601466776288
"exp04","S08","1",NA,NA,NA,NA,NA,NA,3.27460338811364,3.41994564388485,3.34727451599924
"exp03","S09","1",NA,NA,NA,NA,NA,NA,NA,NA,NA
"exp07","3","2",NA,NA,NA,NA,NA,NA,-0.622684210526316,0.704033625730994,0.040674707602339
"exp10","4","2",NA,NA,NA,NA,NA,NA,0.165833333333332,0.690833333333333,0.428333333333331
"exp03","G02","2",NA,NA,NA,NA,NA,NA,NA,NA,NA
"exp04","G03","2",NA,NA,NA,NA,NA,NA,4.87957409533182,4.80586306804848,4.84271858169015
"exp04","G05","2",NA,NA,NA,NA,NA,NA,4.75429581224091,4.77367619964848,4.7639860059447
"exp03","G06","2",NA,NA,NA,NA,NA,NA,NA,NA,NA
"exp03","G08","2",NA,NA,NA,NA,NA,NA,NA,NA,NA
"exp04","G09","2",NA,NA,NA,NA,NA,NA,4.77175793351364,4.79036458284849,4.78106125818106
"exp03","S01","2",NA,NA,NA,NA,NA,NA,NA,NA,NA
"exp04","S01","2",NA,NA,NA,NA,NA,NA,5.06297308535,4.95549185646667,5.00923247090833
"exp04","S04","2",NA,NA,NA,NA,NA,NA,5.14329656951364,5.08448428093939,5.11389042522651
"exp03","S06","2",NA,NA,NA,NA,NA,NA,NA,NA,NA
"exp03","S07","2",NA,NA,NA,NA,NA,NA,-1.91547685185186,1.14638194444444,-0.384547453703711
"exp04","S09","2",NA,NA,NA,NA,NA,NA,5.10936096371364,5.13946837155758,5.12441466763561
"exp10","10","3",NA,NA,NA,NA,NA,NA,-0.413749999999999,2.1185,0.852374999999999
"exp07","9","3",NA,NA,NA,NA,NA,NA,1.08785677083333,1.4483515625,1.26810416666667
"exp07","7","4",NA,NA,NA,NA,NA,NA,0.4615,0.292336538461539,0.376918269230769
"exp10","7","4",NA,NA,NA,NA,NA,NA,NA,NA,NA
"exp10","1","5",NA,NA,NA,NA,NA,NA,NA,NA,NA
"exp07","12","5",NA,NA,NA,NA,NA,NA,0.4905,1.78697727272727,1.13873863636364
"exp10","12","6",NA,NA,NA,NA,NA,NA,0.5675,1.13833333333333,0.852916666666666
"exp07","2","6",NA,NA,NA,NA,NA,NA,NA,NA,NA
"exp07","10","7",NA,NA,NA,NA,NA,NA,1.14667307692308,1.37400641025641,1.26033974358974
"exp10","3","7",NA,NA,NA,NA,NA,NA,NA,NA,NA
"exp07","5","8",NA,NA,NA,NA,NA,NA,3.80033333333333,0,1.90016666666667
"exp10","8","8",NA,NA,NA,NA,NA,NA,NA,NA,NA
"exp07","1","9",NA,NA,NA,NA,NA,NA,2.27016666666667,0.781666666666666,1.52591666666667
"exp10","9","9",NA,NA,NA,NA,NA,NA,NA,NA,NA
"exp06","1","ambient",NA,NA,NA,NA,NA,NA,1.02617282174261,-0.4676353117506,0.279268754996003
"exp11","1","ambient",NA,NA,NA,NA,NA,NA,0.963768881431767,-0.33943062639821,0.312169127516779
"exp06","3","ambient",NA,NA,NA,NA,NA,NA,-1.02621496523154,-0.484887202248853,-0.755551083740198
"exp11","3","ambient",NA,NA,NA,NA,NA,NA,-0.703039647326508,-0.208936272279105,-0.455987959802806
"exp06","5","ambient",NA,NA,NA,NA,NA,NA,-0.553976198754165,0.170022982761117,-0.191976607996524
"exp11","5","ambient",NA,NA,NA,NA,NA,NA,-0.617069540229886,0.233904973474801,-0.191582283377543
"exp06","7","ambient",NA,NA,NA,NA,NA,NA,0.771218748128182,0.14853116951183,0.459874958820006
"exp11","7","ambient",NA,NA,NA,NA,NA,NA,0.508712613101702,-0.0252674448063703,0.241722584147666
"exp06","9","ambient",NA,NA,NA,NA,NA,NA,0.0684705361003031,0.497454950281021,0.282962743190662
"exp11","9","ambient",NA,NA,NA,NA,NA,NA,-0.112028036876356,0.307416232827188,0.0976940979754159
"exp03","G10","ambient",NA,NA,NA,NA,NA,NA,NA,NA,NA
"exp04","G10","ambient",NA,NA,NA,NA,NA,NA,0.276365509295455,0.164017866012121,0.220191687653788
"exp03","G11","ambient",NA,NA,NA,NA,NA,NA,NA,NA,NA
"exp04","G11","ambient",NA,NA,NA,NA,NA,NA,0.372522580022727,0.737659785339394,0.555091182681061
"exp03","G12","ambient",NA,NA,NA,NA,NA,NA,NA,NA,NA
"exp04","G12","ambient",NA,NA,NA,NA,NA,NA,-0.841787773413636,-0.942571275351515,-0.892179524382576
"exp07","OUT","ambient",NA,NA,NA,NA,NA,NA,0.0934305555555556,0.206935185185185,0.15018287037037
"exp10","OUT","ambient",NA,NA,NA,NA,NA,NA,NA,NA,NA
"exp03","S10","ambient",NA,NA,NA,NA,NA,NA,NA,NA,NA
"exp04","S10","ambient",NA,NA,NA,NA,NA,NA,1.14127611505909,1.42149109844848,1.28138360675379
"exp03","S11","ambient",NA,NA,NA,NA,NA,NA,NA,NA,NA
"exp04","S11","ambient",NA,NA,NA,NA,NA,NA,-0.374286005886364,-0.31197026520606,-0.343128135546212
"exp03","S12","ambient",NA,NA,NA,NA,NA,NA,-2.425375,-0.42374999999997,-1.42456249999999
"exp04","S12","ambient",NA,NA,NA,NA,NA,NA,-0.176122369195454,-0.495236173933333,-0.335679271564394
"exp02","c1","ambient","-1","c",NA,NA,NA,NA,NA,NA,NA
"exp02","c3","ambient","0","c",NA,NA,NA,NA,NA,NA,NA
"exp02","d4","ambient","-1","d",NA,NA,NA,NA,NA,NA,NA
"exp02","d6","ambient","0","d",NA,NA,NA,NA,NA,NA,NA
"exp02","e6","ambient","-1","e",NA,NA,NA,NA,NA,NA,NA
"exp02","e2","ambient","0","e",NA,NA,NA,NA,NA,NA,NA
"exp01","1","0","-1","1","canopy",2.14630371563791,0.649794162933758,1.39804893928583,0.729451242617529,1.31850499657453,1.02397811959603
"exp01","2","1","-1","1","canopy",3.99202500620044,0.953049452460435,2.47253722933044,2.68406314127097,1.6204788923931,2.15227101683203
"exp01","3","2","-1","1","canopy",4.60413672518822,2.14382113602081,3.37397893060451,3.32958516120608,2.81172454261633,3.07065485191121
"exp01","4","3","-1","1","canopy",4.75724401733772,2.98022716879386,3.86873559306579,4.29005693661809,4.56682250254453,4.42843971958131
"exp01","8","0","0","1","canopy",0.13048132920688,-0.0849119242480242,0.0227847024794282,0.33889760249243,-0.194341597018402,0.0722780027370137
"exp01","7","1","0","1","canopy",0.0440830363314674,1.45259157776215,0.748337307046807,0.248133759725134,1.33757038131843,0.79285207052178
"exp01","6","2","0","1","canopy",1.6398567469564,2.95616007678921,2.29800841187281,1.93566642778942,2.83641631143722,2.38604136961332
"exp01","5","3","0","1","canopy",3.50987770363149,3.05374776880037,3.28181273621593,3.74032570961718,3.89076491164799,3.81554531063259
"exp01","12","0","1","1","canopy",-0.576722436418863,-0.655319052396209,-0.616020744407536,-0.977348078472222,-0.178116331944444,-0.577732205208333
"exp01","11","1","1","1","canopy",0.753754231011844,1.10789834959419,0.930826290303019,0.431413427777778,1.57979313263889,1.00560328020833
"exp01","10","2","1","1","canopy",2.3598643622547,1.1224523483757,1.7411583553152,2.12875361590172,1.59369368474733,1.86122365032452
"exp01","9","3","1","1","canopy",2.48482444271861,2.69032498062627,2.58757471167244,2.4344410367271,2.14313719967457,2.28878911820084
"exp01","24","0","-1","2","canopy",2.5578284419832,0.30290839586349,1.43036841892334,2.26067664381153,0.861002445850914,1.56083954483122
"exp01","23","1","-1","2","canopy",5.0487346800242,2.87597218778711,3.96235343390566,4.85746910191934,3.42375530150632,4.14061220171283
"exp01","22","2","-1","2","canopy",5.24194655852924,2.93648769144083,4.08921712498503,5.08316097292546,3.4841541511955,4.28365756206048
"exp01","21","3","-1","2","canopy",5.24754517935245,3.56440137360954,4.40597327648099,5.49259893391204,3.94084976203704,4.71672434797454
"exp01","16","0","0","2","canopy",0.0287367602290515,-0.405713861209715,-0.188488550490331,-0.58422974296911,0.179202416781927,-0.202513663093592
"exp01","15","1","0","2","canopy",1.79491287953525,-0.0354049221976013,0.879753978668827,1.28208053573075,0.548199402950668,0.91513996934071
"exp01","14","2","0","2","canopy",5.68637239945959,2.66342544998102,4.1748989247203,5.39730377985247,3.23855299976948,4.31792838981097
"exp01","13","3","0","2","canopy",2.59536289656469,2.17119309561625,2.38327799609047,2.83038189326879,2.59029596795758,2.71033893061319
"exp01","17","0","1","2","canopy",1.72749406600046,1.30748577235037,1.51748991917541,1.5964414935095,-0.207360983889662,0.694540254809921
"exp01","18","1","1","2","canopy",1.69271710498193,3.44104182405024,2.56687946451608,1.55945823500697,1.91994254149233,1.73970038824965
"exp01","19","2","1","2","canopy",1.07309807394823,3.35828980114563,2.21569393754693,0.908093280493482,1.84220582344041,1.37514955196695
"exp01","20","3","1","2","canopy",3.353035794468,3.97948041597951,3.66625810522376,3.14390488711173,2.63559761694483,2.88975125202828
"exp01","33","0","-1","3","canopy",1.65054183590673,0.614413193144268,1.1324775145255,3.9464573282325,-0.0159649645314354,1.96524618185053
"exp01","34","1","-1","3","canopy",0.465226929127455,2.38324870447469,1.42423781680107,2.71430410688019,1.76137250023725,2.23783830355872
"exp01","35","2","-1","3","canopy",3.1050768836832,2.81008045079188,2.95757866723754,5.50594869122183,2.18686360771056,3.84640614946619
"exp01","36","3","-1","3","canopy",6.65239424360142,3.64491738497611,5.14865581428877,7.33727570081018,3.19316717083333,5.26522143582176
"exp01","32","0","0","3","canopy",-0.157629948238686,0.488792122951987,0.165581087356651,0.251631985431235,0.0132700214452214,0.132451003438228
"exp01","31","1","0","3","canopy",0.667370156134655,0.790940817927025,0.72915548703084,1.12040274417249,0.312647032634033,0.716524888403263
"exp01","30","2","0","3","canopy",1.30323007844083,2.4615237194948,1.88237689896782,1.79282539662005,1.97798278857809,1.88540409259907
"exp01","29","3","0","3","canopy",3.40124617145463,3.69382932602297,3.5475377487388,5.55373495799256,3.417363133829,4.48554904591078
"exp01","25","0","1","3","canopy",-0.718997391757638,-0.461744628422927,-0.590371010090282,0.86064178989547,1.30091887328688,1.08078033159117
"exp01","26","1","1","3","canopy",-0.580994336578335,-0.387969004353865,-0.4844816704661,1.00340792777778,1.36122425141844,1.18231608959811
"exp01","27","2","1","3","canopy",1.29061268706431,-0.0394903067615202,0.625561190151393,2.9908126504662,1.72110149498834,2.35595707272727
"exp01","28","3","1","3","canopy",3.28990885492672,3.07808137471973,3.18399511482323,3.95545504257115,3.77968053654124,3.8675677895562
"exp09","1A","0","0","1","surface",0.687610619469027,-0.140771175726928,0.273419721871049,-0.258777495769882,0.023984771573604,-0.117396362098139
"exp09","1H","1","0","1","surface",1.28091024020228,2.39500632111252,1.8379582806574,1.91647631133672,2.23908629441624,2.07778130287648
"exp09","1W","0","1","1","surface",-0.87661188369153,-0.124841972187105,-0.500726927939317,0.62345404489623,-0.0117852604828463,0.305834392206692
"exp09","1B","1","1","1","surface",0.156637168141593,2.00297092288243,1.07980404551201,1.44706006768189,2.37106598984772,1.90906302876481
"exp09","2A","0","0","2","surface",-0.443236409608091,0.331795195954488,-0.0557206068268016,0.692999153976311,-0.726903553299492,-0.0169521996615905
"exp09","2H","1","0","2","surface",0.990771175726928,2.4326801517067,1.71172566371681,1.82320219966159,2.63515228426396,2.22917724196278
"exp09","2W","0","1","2","surface",-0.619595448798989,-0.0479772439949431,-0.333786346396966,-0.176797800338409,0.138197969543147,-0.0192999153976312
"exp09","2B","1","1","2","surface",1.14589127686473,2.86908975979772,2.00749051833123,1.84388747884941,2.31129441624365,2.07759094754653
"exp09","3A","0","0","3","surface",-0.456637168141593,-0.319532237673831,-0.388084702907712,-0.371848561759729,0.323350253807107,-0.0242491539763113
"exp09","3H","1","0","3","surface",1.00670037926675,2.48286978508217,1.74478508217446,1.88868443316413,2.9755076142132,2.43209602368866
"exp09","3W","0","1","3","surface",0.536283185840708,-0.321681415929204,0.107300884955752,0.0894458544839256,0.386167512690355,0.23780668358714
"exp09","3B","1","1","3","surface",0.343362831858407,2.25050568900126,1.29693426042984,0.952643824027073,1.2497461928934,1.10119500846024
"exp09","4A","0","0","4","surface",0.212262958280657,0.128508217446271,0.170385587863464,-0.0624523506988564,0.38005082592122,0.158799237611182
"exp09","4H","1","0","4","surface",1.1968394437421,1.99475347661188,1.59579646017699,3.05405004240882,3.51708015267176,3.28556509754029
"exp09","4W","0","1","4","surface",0.111757269279393,-0.438369152970923,-0.163305941845765,0.586019458544839,0.474619289340102,0.53031937394247
"exp09","4B","1","1","4","surface",1.34905183312263,2.06226295828066,1.70565739570164,1.65607021996616,2.25241116751269,1.95424069373942
