"netID","wisID","probeID","daysSince1Jan2000","Moisture","time_stamp"
6067,195,1,2378.750081,19.7266,2006-07-06 18:00:06
6067,195,2,2378.750081,NA,2006-07-06 18:00:06
6067,192,1,2378.750174,NA,2006-07-06 18:00:15
6067,192,2,2378.750174,NA,2006-07-06 18:00:15
6067,192,1,2378.833414,NA,2006-07-06 20:00:06
6067,192,2,2378.833414,NA,2006-07-06 20:00:06
6067,195,1,2378.833414,NA,2006-07-06 20:00:06
6067,195,2,2378.833414,NA,2006-07-06 20:00:06
6067,192,1,2378.916748,NA,2006-07-06 22:00:07
6067,192,2,2378.916748,NA,2006-07-06 22:00:07
6067,195,1,2378.916748,NA,2006-07-06 22:00:07
6067,195,2,2378.916748,NA,2006-07-06 22:00:07
6067,192,1,2379.000081,NA,2006-07-07 00:00:06
6067,192,2,2379.000081,NA,2006-07-07 00:00:06
6067,195,1,2379.000081,NA,2006-07-07 00:00:06
6067,195,2,2379.000081,NA,2006-07-07 00:00:06
6067,192,1,2379.083414,NA,2006-07-07 02:00:06
6067,192,2,2379.083414,NA,2006-07-07 02:00:06
6067,195,1,2379.083414,NA,2006-07-07 02:00:06
6067,195,2,2379.083414,NA,2006-07-07 02:00:06
6067,195,1,2379.166563,NA,2006-07-07 03:59:51
6067,195,2,2379.166563,NA,2006-07-07 03:59:51
6067,193,1,2379.166701,NA,2006-07-07 04:00:02
6067,193,2,2379.166701,NA,2006-07-07 04:00:02
6067,192,1,2379.166748,NA,2006-07-07 04:00:07
6067,192,2,2379.166748,NA,2006-07-07 04:00:07
6067,195,1,2379.250081,NA,2006-07-07 06:00:06
6067,195,2,2379.250081,NA,2006-07-07 06:00:06
6067,195,1,2379.333137,NA,2006-07-07 07:59:43
6067,195,2,2379.333137,NA,2006-07-07 07:59:43
6067,192,1,2379.416701,NA,2006-07-07 10:00:02
6067,192,2,2379.416701,NA,2006-07-07 10:00:02
6067,195,1,2379.416748,NA,2006-07-07 10:00:07
6067,195,2,2379.416748,NA,2006-07-07 10:00:07
6067,195,1,2379.500081,NA,2006-07-07 12:00:06
6067,195,2,2379.500081,NA,2006-07-07 12:00:06
6067,195,1,2379.583414,NA,2006-07-07 14:00:06
6067,195,2,2379.583414,NA,2006-07-07 14:00:06
6067,195,1,2379.666748,NA,2006-07-07 16:00:07
6067,195,2,2379.666748,NA,2006-07-07 16:00:07
6067,195,1,2379.750081,NA,2006-07-07 18:00:06
6067,195,2,2379.750081,NA,2006-07-07 18:00:06
6067,195,1,2379.833414,NA,2006-07-07 20:00:06
6067,195,2,2379.833414,NA,2006-07-07 20:00:06
6067,195,1,2379.916748,NA,2006-07-07 22:00:07
6067,195,2,2379.916748,NA,2006-07-07 22:00:07
6067,195,1,2379.999803,NA,2006-07-07 23:59:42
6067,195,2,2379.999803,NA,2006-07-07 23:59:42
6067,195,1,2380.083414,NA,2006-07-08 02:00:06
6067,195,2,2380.083414,NA,2006-07-08 02:00:06
6067,195,1,2380.166563,NA,2006-07-08 03:59:51
6067,195,2,2380.166563,NA,2006-07-08 03:59:51
6067,193,1,2380.166701,NA,2006-07-08 04:00:02
6067,193,2,2380.166701,NA,2006-07-08 04:00:02
6067,195,1,2380.250081,NA,2006-07-08 06:00:06
6067,195,2,2380.250081,NA,2006-07-08 06:00:06
6067,195,1,2380.333414,NA,2006-07-08 08:00:06
6067,195,2,2380.333414,NA,2006-07-08 08:00:06
6067,195,1,2380.416748,NA,2006-07-08 10:00:07
6067,195,2,2380.416748,NA,2006-07-08 10:00:07
6067,192,1,2380.500081,NA,2006-07-08 12:00:06
6067,192,2,2380.500081,NA,2006-07-08 12:00:06
6067,195,1,2380.500081,NA,2006-07-08 12:00:06
6067,195,2,2380.500081,NA,2006-07-08 12:00:06
6067,192,1,2380.583414,35.2702,2006-07-08 14:00:06
6067,192,2,2380.583414,52.1159,2006-07-08 14:00:06
6067,195,1,2380.583414,NA,2006-07-08 14:00:06
6067,195,2,2380.583414,NA,2006-07-08 14:00:06
6067,192,1,2380.66647,NA,2006-07-08 15:59:43
6067,192,2,2380.66647,NA,2006-07-08 15:59:43
6067,195,1,2380.66647,NA,2006-07-08 15:59:43
6067,195,2,2380.66647,NA,2006-07-08 15:59:43
6067,195,1,2380.750081,NA,2006-07-08 18:00:06
6067,195,2,2380.750081,NA,2006-07-08 18:00:06
6067,192,1,2380.750266,NA,2006-07-08 18:00:22
6067,192,2,2380.750266,NA,2006-07-08 18:00:22
6067,192,1,2380.833414,NA,2006-07-08 20:00:06
6067,192,2,2380.833414,NA,2006-07-08 20:00:06
6067,195,1,2380.833414,NA,2006-07-08 20:00:06
6067,195,2,2380.833414,NA,2006-07-08 20:00:06
6067,192,1,2380.916748,34.1309,2006-07-08 22:00:07
6067,192,2,2380.916748,48.8607,2006-07-08 22:00:07
6067,195,1,2380.916748,NA,2006-07-08 22:00:07
6067,195,2,2380.916748,NA,2006-07-08 22:00:07
6067,192,1,2381.000081,NA,2006-07-09 00:00:06
6067,192,2,2381.000081,NA,2006-07-09 00:00:06
6067,195,1,2381.000081,NA,2006-07-09 00:00:06
6067,195,2,2381.000081,NA,2006-07-09 00:00:06
6067,192,1,2381.083414,NA,2006-07-09 02:00:06
6067,192,2,2381.083414,NA,2006-07-09 02:00:06
6067,195,1,2381.083414,NA,2006-07-09 02:00:06
6067,195,2,2381.083414,NA,2006-07-09 02:00:06
6067,192,1,2381.166748,34.2936,2006-07-09 04:00:07
6067,192,2,2381.166748,48.4538,2006-07-09 04:00:07
6067,195,1,2381.166748,NA,2006-07-09 04:00:07
6067,195,2,2381.166748,NA,2006-07-09 04:00:07
6067,192,1,2381.250081,34.1309,2006-07-09 06:00:06
6067,192,2,2381.250081,48.1283,2006-07-09 06:00:06
6067,195,1,2381.250081,NA,2006-07-09 06:00:06
6067,195,2,2381.250081,NA,2006-07-09 06:00:06
6067,192,1,2381.333137,33.1543,2006-07-09 07:59:43
6067,192,2,2381.333137,48.8607,2006-07-09 07:59:43
6067,195,1,2381.333137,NA,2006-07-09 07:59:43
6067,195,2,2381.333137,NA,2006-07-09 07:59:43
6067,195,1,2381.41684,NA,2006-07-09 10:00:14
6067,195,2,2381.41684,NA,2006-07-09 10:00:14
6067,192,1,2381.416933,NA,2006-07-09 10:00:23
6067,192,2,2381.416933,NA,2006-07-09 10:00:23
6067,192,1,2381.500081,30.5501,2006-07-09 12:00:06
6067,192,2,2381.500081,49.5931,2006-07-09 12:00:06
6067,195,1,2381.500081,NA,2006-07-09 12:00:06
6067,195,2,2381.500081,NA,2006-07-09 12:00:06
6067,192,1,2381.583414,NA,2006-07-09 14:00:06
6067,192,2,2381.583414,NA,2006-07-09 14:00:06
6067,195,1,2381.583414,NA,2006-07-09 14:00:06
6067,195,2,2381.583414,NA,2006-07-09 14:00:06
6067,192,1,2381.666748,NA,2006-07-09 16:00:07
6067,192,2,2381.666748,NA,2006-07-09 16:00:07
6067,195,1,2381.666748,NA,2006-07-09 16:00:07
6067,195,2,2381.666748,NA,2006-07-09 16:00:07
6067,192,1,2381.750081,NA,2006-07-09 18:00:06
6067,192,2,2381.750081,NA,2006-07-09 18:00:06
6067,195,1,2381.750081,NA,2006-07-09 18:00:06
6067,195,2,2381.750081,NA,2006-07-09 18:00:06
6067,192,1,2381.833414,NA,2006-07-09 20:00:06
6067,192,2,2381.833414,NA,2006-07-09 20:00:06
6067,195,1,2381.833414,NA,2006-07-09 20:00:06
6067,195,2,2381.833414,NA,2006-07-09 20:00:06
6067,192,1,2381.916748,NA,2006-07-09 22:00:07
6067,192,2,2381.916748,NA,2006-07-09 22:00:07
6067,192,1,2381.999803,31.2012,2006-07-09 23:59:42
6067,192,2,2381.999803,47.5586,2006-07-09 23:59:42
6067,192,1,2382.0836,NA,2006-07-10 02:00:23
6067,192,2,2382.0836,NA,2006-07-10 02:00:23
6067,192,1,2382.166748,31.6081,2006-07-10 04:00:07
6067,192,2,2382.166748,47.2331,2006-07-10 04:00:07
6067,192,1,2382.250081,NA,2006-07-10 06:00:06
6067,192,2,2382.250081,NA,2006-07-10 06:00:06
6067,192,1,2382.333414,NA,2006-07-10 08:00:06
6067,192,2,2382.333414,NA,2006-07-10 08:00:06
6067,192,1,2382.416748,NA,2006-07-10 10:00:07
6067,192,2,2382.416748,NA,2006-07-10 10:00:07
6067,192,1,2382.500081,NA,2006-07-10 12:00:06
6067,192,2,2382.500081,NA,2006-07-10 12:00:06
6067,192,1,2382.583414,NA,2006-07-10 14:00:06
6067,192,2,2382.583414,NA,2006-07-10 14:00:06
6067,192,1,2382.66647,28.597,2006-07-10 15:59:43
6067,192,2,2382.66647,47.8841,2006-07-10 15:59:43
6067,192,1,2382.750266,NA,2006-07-10 18:00:22
6067,192,2,2382.750266,NA,2006-07-10 18:00:22
6067,192,1,2382.833414,29.248,2006-07-10 20:00:06
6067,192,2,2382.833414,47.3145,2006-07-10 20:00:06
6067,192,1,2382.916748,NA,2006-07-10 22:00:07
6067,192,2,2382.916748,NA,2006-07-10 22:00:07
6067,192,1,2383.000081,29.6549,2006-07-11 00:00:06
6067,192,2,2383.000081,46.9889,2006-07-11 00:00:06
6067,192,1,2383.083414,29.7363,2006-07-11 02:00:06
6067,192,2,2383.083414,46.6634,2006-07-11 02:00:06
6067,192,1,2383.166748,29.5736,2006-07-11 04:00:07
6067,192,2,2383.166748,46.582,2006-07-11 04:00:07
6067,192,1,2383.250081,NA,2006-07-11 06:00:06
6067,192,2,2383.250081,NA,2006-07-11 06:00:06
6067,192,1,2383.333137,NA,2006-07-11 07:59:43
6067,192,2,2383.333137,NA,2006-07-11 07:59:43
6067,192,1,2383.416933,NA,2006-07-11 10:00:23
6067,192,2,2383.416933,NA,2006-07-11 10:00:23
6067,192,1,2383.500081,NA,2006-07-11 12:00:06
6067,192,2,2383.500081,NA,2006-07-11 12:00:06
6067,192,1,2383.583414,NA,2006-07-11 14:00:06
6067,192,2,2383.583414,NA,2006-07-11 14:00:06
6067,192,1,2383.666748,27.0508,2006-07-11 16:00:07
6067,192,2,2383.666748,46.7448,2006-07-11 16:00:07
6067,192,1,2383.750081,NA,2006-07-11 18:00:06
6067,192,2,2383.750081,NA,2006-07-11 18:00:06
6067,192,1,2383.833414,NA,2006-07-11 20:00:06
6067,192,2,2383.833414,NA,2006-07-11 20:00:06
6067,192,1,2383.916748,NA,2006-07-11 22:00:07
6067,192,2,2383.916748,NA,2006-07-11 22:00:07
6067,192,1,2383.999803,28.0273,2006-07-11 23:59:42
6067,192,2,2383.999803,45.1986,2006-07-11 23:59:42
6067,192,1,2384.0836,NA,2006-07-12 02:00:23
6067,192,2,2384.0836,NA,2006-07-12 02:00:23
6067,192,1,2384.166748,NA,2006-07-12 04:00:07
6067,192,2,2384.166748,NA,2006-07-12 04:00:07
6067,192,1,2384.250081,28.1087,2006-07-12 06:00:06
6067,192,2,2384.250081,44.9544,2006-07-12 06:00:06
6067,192,1,2384.333414,NA,2006-07-12 08:00:06
6067,192,2,2384.333414,NA,2006-07-12 08:00:06
6067,192,1,2384.416748,NA,2006-07-12 10:00:07
6067,192,2,2384.416748,NA,2006-07-12 10:00:07
6067,192,1,2384.500081,NA,2006-07-12 12:00:06
6067,192,2,2384.500081,NA,2006-07-12 12:00:06
6067,192,1,2384.583414,NA,2006-07-12 14:00:06
6067,192,2,2384.583414,NA,2006-07-12 14:00:06
6067,192,1,2384.66647,26.1556,2006-07-12 15:59:43
6067,192,2,2384.66647,45.5241,2006-07-12 15:59:43
6067,192,1,2384.750266,NA,2006-07-12 18:00:22
6067,192,2,2384.750266,NA,2006-07-12 18:00:22
6067,192,1,2384.833414,NA,2006-07-12 20:00:06
6067,192,2,2384.833414,NA,2006-07-12 20:00:06
6067,192,1,2384.916748,26.8066,2006-07-12 22:00:07
6067,192,2,2384.916748,43.8965,2006-07-12 22:00:07
6067,192,1,2385.000081,NA,2006-07-13 00:00:06
6067,192,2,2385.000081,NA,2006-07-13 00:00:06
6067,192,1,2385.083414,NA,2006-07-13 02:00:06
6067,192,2,2385.083414,NA,2006-07-13 02:00:06
6067,192,1,2385.166748,27.2135,2006-07-13 04:00:07
6067,192,2,2385.166748,44.4661,2006-07-13 04:00:07
6067,192,1,2385.250081,27.0508,2006-07-13 06:00:06
6067,192,2,2385.250081,44.3034,2006-07-13 06:00:06
6067,192,1,2385.333137,NA,2006-07-13 07:59:43
6067,192,2,2385.333137,NA,2006-07-13 07:59:43
6067,192,1,2385.416933,NA,2006-07-13 10:00:23
6067,192,2,2385.416933,NA,2006-07-13 10:00:23
6067,192,1,2385.500081,NA,2006-07-13 12:00:06
6067,192,2,2385.500081,NA,2006-07-13 12:00:06
6067,192,1,2385.583414,25.5046,2006-07-13 14:00:06
6067,192,2,2385.583414,45.1986,2006-07-13 14:00:06
3798,192,1,2385.666748,25.0977,2006-07-13 16:00:07
4158,192,1,2385.666748,25.0977,2006-07-13 16:00:07
3798,192,2,2385.666748,NA,2006-07-13 16:00:07
4158,192,2,2385.666748,NA,2006-07-13 16:00:07
4158,193,1,2385.666748,NA,2006-07-13 16:00:07
4158,193,2,2385.666748,NA,2006-07-13 16:00:07
3798,192,1,2385.750081,25.4232,2006-07-13 18:00:06
4158,192,1,2385.750081,25.4232,2006-07-13 18:00:06
3798,192,2,2385.750081,NA,2006-07-13 18:00:06
4158,192,2,2385.750081,NA,2006-07-13 18:00:06
4158,193,1,2385.750081,NA,2006-07-13 18:00:06
4158,193,2,2385.750081,NA,2006-07-13 18:00:06
3798,192,1,2385.833414,25.8301,2006-07-13 20:00:06
4158,192,1,2385.833414,25.8301,2006-07-13 20:00:06
3798,192,2,2385.833414,NA,2006-07-13 20:00:06
4158,192,2,2385.833414,NA,2006-07-13 20:00:06
4158,193,1,2385.833414,NA,2006-07-13 20:00:06
4158,193,2,2385.833414,NA,2006-07-13 20:00:06
3798,192,1,2385.916748,27.7832,2006-07-13 22:00:07
4158,192,1,2385.916748,27.7832,2006-07-13 22:00:07
3798,192,2,2385.916748,NA,2006-07-13 22:00:07
4158,192,2,2385.916748,NA,2006-07-13 22:00:07
4158,193,1,2385.916748,NA,2006-07-13 22:00:07
4158,193,2,2385.916748,NA,2006-07-13 22:00:07
3798,192,1,2385.999803,NA,2006-07-13 23:59:42
4158,192,1,2385.999803,NA,2006-07-13 23:59:42
3798,192,2,2385.999803,NA,2006-07-13 23:59:42
4158,192,2,2385.999803,NA,2006-07-13 23:59:42
4158,193,1,2385.999803,NA,2006-07-13 23:59:42
4158,193,2,2385.999803,NA,2006-07-13 23:59:42
3798,192,1,2386.083507,NA,2006-07-14 02:00:15
4158,192,1,2386.083507,NA,2006-07-14 02:00:15
3798,192,2,2386.083507,NA,2006-07-14 02:00:15
4158,192,2,2386.083507,NA,2006-07-14 02:00:15
3798,192,1,2386.166748,NA,2006-07-14 04:00:07
4158,192,1,2386.166748,NA,2006-07-14 04:00:07
3798,192,2,2386.166748,NA,2006-07-14 04:00:07
4158,192,2,2386.166748,NA,2006-07-14 04:00:07
3798,192,1,2386.250081,NA,2006-07-14 06:00:06
4158,192,1,2386.250081,NA,2006-07-14 06:00:06
3798,192,2,2386.250081,NA,2006-07-14 06:00:06
4158,192,2,2386.250081,NA,2006-07-14 06:00:06
3798,192,1,2386.333414,28.8411,2006-07-14 08:00:06
4158,192,1,2386.333414,28.8411,2006-07-14 08:00:06
3798,192,2,2386.333414,NA,2006-07-14 08:00:06
4158,192,2,2386.333414,NA,2006-07-14 08:00:06
3798,192,1,2386.416748,28.4342,2006-07-14 10:00:07
4158,192,1,2386.416748,28.4342,2006-07-14 10:00:07
3798,192,2,2386.416748,NA,2006-07-14 10:00:07
4158,192,2,2386.416748,NA,2006-07-14 10:00:07
3798,192,1,2386.500081,NA,2006-07-14 12:00:06
4158,192,1,2386.500081,NA,2006-07-14 12:00:06
3798,192,2,2386.500081,NA,2006-07-14 12:00:06
4158,192,2,2386.500081,NA,2006-07-14 12:00:06
3798,192,1,2386.583414,27.3763,2006-07-14 14:00:06
4158,192,1,2386.583414,27.3763,2006-07-14 14:00:06
3798,192,2,2386.583414,NA,2006-07-14 14:00:06
4158,192,2,2386.583414,NA,2006-07-14 14:00:06
3798,192,1,2386.66647,27.6204,2006-07-14 15:59:43
4158,192,1,2386.66647,27.6204,2006-07-14 15:59:43
3798,192,2,2386.66647,NA,2006-07-14 15:59:43
4158,192,2,2386.66647,NA,2006-07-14 15:59:43
3798,192,1,2386.750174,32.2591,2006-07-14 18:00:15
4158,192,1,2386.750174,32.2591,2006-07-14 18:00:15
3798,192,2,2386.750174,43.1641,2006-07-14 18:00:15
4158,192,2,2386.750174,43.1641,2006-07-14 18:00:15
3798,192,1,2386.833414,31.6895,2006-07-14 20:00:06
4158,192,1,2386.833414,31.6895,2006-07-14 20:00:06
3798,192,2,2386.833414,42.2689,2006-07-14 20:00:06
4158,192,2,2386.833414,42.2689,2006-07-14 20:00:06
3798,192,1,2386.916748,31.2826,2006-07-14 22:00:07
4158,192,1,2386.916748,31.2826,2006-07-14 22:00:07
3798,192,2,2386.916748,41.862,2006-07-14 22:00:07
4158,192,2,2386.916748,41.862,2006-07-14 22:00:07
3798,192,1,2387.000081,31.1198,2006-07-15 00:00:06
4158,192,1,2387.000081,31.1198,2006-07-15 00:00:06
3798,192,2,2387.000081,41.6992,2006-07-15 00:00:06
4158,192,2,2387.000081,41.6992,2006-07-15 00:00:06
3798,192,1,2387.083414,31.1198,2006-07-15 02:00:06
4158,192,1,2387.083414,31.1198,2006-07-15 02:00:06
3798,192,2,2387.083414,41.5365,2006-07-15 02:00:06
4158,192,2,2387.083414,41.5365,2006-07-15 02:00:06
3798,192,1,2387.166748,31.0384,2006-07-15 04:00:07
4158,192,1,2387.166748,31.0384,2006-07-15 04:00:07
3798,192,2,2387.166748,41.4551,2006-07-15 04:00:07
4158,192,2,2387.166748,41.4551,2006-07-15 04:00:07
3798,192,1,2387.250081,30.8757,2006-07-15 06:00:06
4158,192,1,2387.250081,30.8757,2006-07-15 06:00:06
3798,192,2,2387.250081,41.3737,2006-07-15 06:00:06
4158,192,2,2387.250081,41.3737,2006-07-15 06:00:06
3798,192,1,2387.333137,NA,2006-07-15 07:59:43
4158,192,1,2387.333137,NA,2006-07-15 07:59:43
3798,192,2,2387.333137,NA,2006-07-15 07:59:43
4158,192,2,2387.333137,NA,2006-07-15 07:59:43
3798,192,1,2387.416748,NA,2006-07-15 10:00:07
4158,192,1,2387.416748,NA,2006-07-15 10:00:07
3798,192,2,2387.416748,NA,2006-07-15 10:00:07
4158,192,2,2387.416748,NA,2006-07-15 10:00:07
3798,192,1,2387.500081,29.5736,2006-07-15 12:00:06
5585,192,1,2387.500081,29.5736,2006-07-15 12:00:06
3798,192,2,2387.500081,40.6413,2006-07-15 12:00:06
5585,192,2,2387.500081,40.6413,2006-07-15 12:00:06
3798,192,1,2387.583414,29.0853,2006-07-15 14:00:06
5585,192,1,2387.583414,29.0853,2006-07-15 14:00:06
3798,192,2,2387.583414,40.3158,2006-07-15 14:00:06
5585,192,2,2387.583414,40.3158,2006-07-15 14:00:06
3798,192,1,2387.666748,29.0039,2006-07-15 16:00:07
5585,192,1,2387.666748,29.0039,2006-07-15 16:00:07
3798,192,2,2387.666748,39.9089,2006-07-15 16:00:07
5585,192,2,2387.666748,39.9089,2006-07-15 16:00:07
3798,192,1,2387.750081,29.4108,2006-07-15 18:00:06
5585,192,1,2387.750081,29.4108,2006-07-15 18:00:06
3798,192,2,2387.750081,39.6647,2006-07-15 18:00:06
5585,192,2,2387.750081,39.6647,2006-07-15 18:00:06
3798,192,1,2387.833414,29.8177,2006-07-15 20:00:06
5585,192,1,2387.833414,29.8177,2006-07-15 20:00:06
3798,192,2,2387.833414,39.5833,2006-07-15 20:00:06
5585,192,2,2387.833414,39.5833,2006-07-15 20:00:06
3798,192,1,2387.916748,29.8177,2006-07-15 22:00:07
5585,192,1,2387.916748,29.8177,2006-07-15 22:00:07
3798,192,2,2387.916748,39.4206,2006-07-15 22:00:07
5585,192,2,2387.916748,39.4206,2006-07-15 22:00:07
3798,192,1,2387.999803,29.8177,2006-07-15 23:59:42
5585,192,1,2387.999803,29.8177,2006-07-15 23:59:42
3798,192,2,2387.999803,39.502,2006-07-15 23:59:42
5585,192,2,2387.999803,39.502,2006-07-15 23:59:42
3798,192,1,2388.083229,29.9805,2006-07-16 01:59:50
5585,192,1,2388.083229,29.9805,2006-07-16 01:59:50
3798,192,2,2388.083229,39.502,2006-07-16 01:59:50
5585,192,2,2388.083229,39.502,2006-07-16 01:59:50
3798,192,1,2388.166748,29.8991,2006-07-16 04:00:07
5585,192,1,2388.166748,29.8991,2006-07-16 04:00:07
3798,192,2,2388.166748,39.4206,2006-07-16 04:00:07
5585,192,2,2388.166748,39.4206,2006-07-16 04:00:07
3798,192,1,2388.249896,29.8991,2006-07-16 05:59:51
5585,192,1,2388.249896,29.8991,2006-07-16 05:59:51
3798,192,2,2388.249896,39.5833,2006-07-16 05:59:51
5585,192,2,2388.249896,39.5833,2006-07-16 05:59:51
3798,193,1,2388.333368,NA,2006-07-16 08:00:02
5585,193,1,2388.333368,NA,2006-07-16 08:00:02
3798,193,2,2388.333368,NA,2006-07-16 08:00:02
5585,193,2,2388.333368,NA,2006-07-16 08:00:02
3798,192,1,2388.333414,29.5736,2006-07-16 08:00:06
5585,192,1,2388.333414,29.5736,2006-07-16 08:00:06
3798,192,2,2388.333414,39.502,2006-07-16 08:00:06
5585,192,2,2388.333414,39.502,2006-07-16 08:00:06
3798,192,1,2388.416748,28.597,2006-07-16 10:00:07
5585,192,1,2388.416748,28.597,2006-07-16 10:00:07
3798,192,2,2388.416748,39.502,2006-07-16 10:00:07
5585,192,2,2388.416748,39.502,2006-07-16 10:00:07
3798,192,1,2388.500081,28.7598,2006-07-16 12:00:06
5585,192,1,2388.500081,28.7598,2006-07-16 12:00:06
3798,192,2,2388.500081,39.4206,2006-07-16 12:00:06
5585,192,2,2388.500081,39.4206,2006-07-16 12:00:06
3798,192,1,2388.583414,28.0273,2006-07-16 14:00:06
5585,192,1,2388.583414,28.0273,2006-07-16 14:00:06
3798,192,2,2388.583414,39.0137,2006-07-16 14:00:06
5585,192,2,2388.583414,39.0137,2006-07-16 14:00:06
3798,192,1,2388.66647,27.946,2006-07-16 15:59:43
5585,192,1,2388.66647,27.946,2006-07-16 15:59:43
3798,192,2,2388.66647,38.6882,2006-07-16 15:59:43
5585,192,2,2388.66647,38.6882,2006-07-16 15:59:43
3798,192,1,2388.749896,27.946,2006-07-16 17:59:51
5585,192,1,2388.749896,27.946,2006-07-16 17:59:51
3798,192,2,2388.749896,38.3626,2006-07-16 17:59:51
5585,192,2,2388.749896,38.3626,2006-07-16 17:59:51
3798,192,1,2388.833414,28.1087,2006-07-16 20:00:06
5585,192,1,2388.833414,28.1087,2006-07-16 20:00:06
3798,192,2,2388.833414,38.1185,2006-07-16 20:00:06
5585,192,2,2388.833414,38.1185,2006-07-16 20:00:06
3798,192,1,2388.916748,28.1901,2006-07-16 22:00:07
5585,192,1,2388.916748,28.1901,2006-07-16 22:00:07
3798,192,2,2388.916748,38.0371,2006-07-16 22:00:07
5585,192,2,2388.916748,38.0371,2006-07-16 22:00:07
3798,192,1,2389.000081,28.1087,2006-07-17 00:00:06
5585,192,1,2389.000081,28.1087,2006-07-17 00:00:06
3798,192,2,2389.000081,38.1999,2006-07-17 00:00:06
5585,192,2,2389.000081,38.1999,2006-07-17 00:00:06
3798,192,1,2389.083414,28.1901,2006-07-17 02:00:06
5585,192,1,2389.083414,28.1901,2006-07-17 02:00:06
3798,192,2,2389.083414,38.1999,2006-07-17 02:00:06
5585,192,2,2389.083414,38.1999,2006-07-17 02:00:06
3798,192,1,2389.166748,28.0273,2006-07-17 04:00:07
5585,192,1,2389.166748,28.0273,2006-07-17 04:00:07
3798,192,2,2389.166748,38.1999,2006-07-17 04:00:07
5585,192,2,2389.166748,38.1999,2006-07-17 04:00:07
3798,192,1,2389.250081,28.1901,2006-07-17 06:00:06
5585,192,1,2389.250081,28.1901,2006-07-17 06:00:06
3798,192,2,2389.250081,38.1999,2006-07-17 06:00:06
5585,192,2,2389.250081,38.1999,2006-07-17 06:00:06
3798,192,1,2389.333137,NA,2006-07-17 07:59:43
5585,192,1,2389.333137,NA,2006-07-17 07:59:43
3798,192,2,2389.333137,NA,2006-07-17 07:59:43
5585,192,2,2389.333137,NA,2006-07-17 07:59:43
3798,192,1,2389.416748,26.6439,2006-07-17 10:00:07
5585,192,1,2389.416748,26.6439,2006-07-17 10:00:07
3798,192,2,2389.416748,38.1999,2006-07-17 10:00:07
5585,192,2,2389.416748,38.1999,2006-07-17 10:00:07
3798,193,1,2389.416933,NA,2006-07-17 10:00:23
5585,193,1,2389.416933,NA,2006-07-17 10:00:23
3798,193,2,2389.416933,NA,2006-07-17 10:00:23
5585,193,2,2389.416933,NA,2006-07-17 10:00:23
3798,192,1,2389.500081,26.4811,2006-07-17 12:00:06
5585,192,1,2389.500081,26.4811,2006-07-17 12:00:06
3798,192,2,2389.500081,38.3626,2006-07-17 12:00:06
5585,192,2,2389.500081,38.3626,2006-07-17 12:00:06
3798,192,1,2389.583414,26.237,2006-07-17 14:00:06
5585,192,1,2389.583414,26.237,2006-07-17 14:00:06
3798,192,2,2389.583414,38.0371,2006-07-17 14:00:06
5585,192,2,2389.583414,38.0371,2006-07-17 14:00:06
3798,192,1,2389.666748,26.237,2006-07-17 16:00:07
5585,192,1,2389.666748,26.237,2006-07-17 16:00:07
3798,192,2,2389.666748,37.793,2006-07-17 16:00:07
5585,192,2,2389.666748,37.793,2006-07-17 16:00:07
3798,195,1,2389.666748,NA,2006-07-17 16:00:07
5585,195,1,2389.666748,NA,2006-07-17 16:00:07
3798,195,2,2389.666748,NA,2006-07-17 16:00:07
5585,195,2,2389.666748,NA,2006-07-17 16:00:07
3798,192,1,2389.750081,NA,2006-07-17 18:00:06
5585,192,1,2389.750081,NA,2006-07-17 18:00:06
3798,192,2,2389.750081,NA,2006-07-17 18:00:06
5585,192,2,2389.750081,NA,2006-07-17 18:00:06
3798,195,1,2389.750081,NA,2006-07-17 18:00:06
5585,195,1,2389.750081,NA,2006-07-17 18:00:06
3798,195,2,2389.750081,NA,2006-07-17 18:00:06
5585,195,2,2389.750081,NA,2006-07-17 18:00:06
3798,193,1,2389.833368,NA,2006-07-17 20:00:02
5585,193,1,2389.833368,NA,2006-07-17 20:00:02
3798,193,2,2389.833368,NA,2006-07-17 20:00:02
5585,193,2,2389.833368,NA,2006-07-17 20:00:02
3798,192,1,2389.833414,26.5625,2006-07-17 20:00:06
5585,192,1,2389.833414,26.5625,2006-07-17 20:00:06
3798,192,2,2389.833414,37.3047,2006-07-17 20:00:06
5585,192,2,2389.833414,37.3047,2006-07-17 20:00:06
3798,195,1,2389.833414,NA,2006-07-17 20:00:06
5585,195,1,2389.833414,NA,2006-07-17 20:00:06
3798,195,2,2389.833414,NA,2006-07-17 20:00:06
5585,195,2,2389.833414,NA,2006-07-17 20:00:06
3798,192,1,2389.916748,26.8066,2006-07-17 22:00:07
5585,192,1,2389.916748,26.8066,2006-07-17 22:00:07
3798,192,2,2389.916748,37.2233,2006-07-17 22:00:07
5585,192,2,2389.916748,37.2233,2006-07-17 22:00:07
3798,195,1,2389.916748,NA,2006-07-17 22:00:07
5585,195,1,2389.916748,NA,2006-07-17 22:00:07
3798,195,2,2389.916748,NA,2006-07-17 22:00:07
5585,195,2,2389.916748,NA,2006-07-17 22:00:07
3798,192,1,2389.999803,NA,2006-07-17 23:59:42
5585,192,1,2389.999803,NA,2006-07-17 23:59:42
3798,192,2,2389.999803,NA,2006-07-17 23:59:42
5585,192,2,2389.999803,NA,2006-07-17 23:59:42
3798,195,1,2389.999803,NA,2006-07-17 23:59:42
5585,195,1,2389.999803,NA,2006-07-17 23:59:42
3798,195,2,2389.999803,NA,2006-07-17 23:59:42
5585,195,2,2389.999803,NA,2006-07-17 23:59:42
3798,195,1,2390.083229,NA,2006-07-18 01:59:50
5585,195,1,2390.083229,NA,2006-07-18 01:59:50
3798,195,2,2390.083229,NA,2006-07-18 01:59:50
5585,195,2,2390.083229,NA,2006-07-18 01:59:50
3798,192,1,2390.083414,26.9694,2006-07-18 02:00:06
5585,192,1,2390.083414,26.9694,2006-07-18 02:00:06
3798,192,2,2390.083414,NA,2006-07-18 02:00:06
5585,192,2,2390.083414,NA,2006-07-18 02:00:06
3798,192,1,2390.166748,26.7253,2006-07-18 04:00:07
5585,192,1,2390.166748,26.7253,2006-07-18 04:00:07
3798,192,2,2390.166748,36.8978,2006-07-18 04:00:07
5585,192,2,2390.166748,36.8978,2006-07-18 04:00:07
3798,195,1,2390.166748,NA,2006-07-18 04:00:07
5585,195,1,2390.166748,NA,2006-07-18 04:00:07
3798,195,2,2390.166748,NA,2006-07-18 04:00:07
5585,195,2,2390.166748,NA,2006-07-18 04:00:07
3798,192,1,2390.250081,NA,2006-07-18 06:00:06
5585,192,1,2390.250081,NA,2006-07-18 06:00:06
3798,192,2,2390.250081,NA,2006-07-18 06:00:06
5585,192,2,2390.250081,NA,2006-07-18 06:00:06
3798,195,1,2390.250081,NA,2006-07-18 06:00:06
5585,195,1,2390.250081,NA,2006-07-18 06:00:06
3798,195,2,2390.250081,NA,2006-07-18 06:00:06
5585,195,2,2390.250081,NA,2006-07-18 06:00:06
3798,192,1,2390.333414,26.7253,2006-07-18 08:00:06
5585,192,1,2390.333414,26.7253,2006-07-18 08:00:06
3798,192,2,2390.333414,37.0605,2006-07-18 08:00:06
5585,192,2,2390.333414,37.0605,2006-07-18 08:00:06
3798,195,1,2390.333414,NA,2006-07-18 08:00:06
5585,195,1,2390.333414,NA,2006-07-18 08:00:06
3798,195,2,2390.333414,NA,2006-07-18 08:00:06
5585,195,2,2390.333414,NA,2006-07-18 08:00:06
3798,192,1,2390.416748,25.2604,2006-07-18 10:00:07
5585,192,1,2390.416748,25.2604,2006-07-18 10:00:07
3798,192,2,2390.416748,37.1419,2006-07-18 10:00:07
5585,192,2,2390.416748,37.1419,2006-07-18 10:00:07
3798,195,1,2390.416748,NA,2006-07-18 10:00:07
5585,195,1,2390.416748,NA,2006-07-18 10:00:07
3798,195,2,2390.416748,NA,2006-07-18 10:00:07
5585,195,2,2390.416748,NA,2006-07-18 10:00:07
3798,192,1,2390.500081,25.179,2006-07-18 12:00:06
5585,192,1,2390.500081,25.179,2006-07-18 12:00:06
3798,192,2,2390.500081,37.0605,2006-07-18 12:00:06
5585,192,2,2390.500081,37.0605,2006-07-18 12:00:06
3798,195,1,2390.500081,NA,2006-07-18 12:00:06
5585,195,1,2390.500081,NA,2006-07-18 12:00:06
3798,195,2,2390.500081,NA,2006-07-18 12:00:06
5585,195,2,2390.500081,NA,2006-07-18 12:00:06
3798,192,1,2390.583414,NA,2006-07-18 14:00:06
5585,192,1,2390.583414,NA,2006-07-18 14:00:06
3798,192,2,2390.583414,NA,2006-07-18 14:00:06
5585,192,2,2390.583414,NA,2006-07-18 14:00:06
3798,195,1,2390.583414,NA,2006-07-18 14:00:06
5585,195,1,2390.583414,NA,2006-07-18 14:00:06
3798,195,2,2390.583414,NA,2006-07-18 14:00:06
5585,195,2,2390.583414,NA,2006-07-18 14:00:06
3798,192,1,2390.66647,25.0163,2006-07-18 15:59:43
5585,192,1,2390.66647,25.0163,2006-07-18 15:59:43
3798,192,2,2390.66647,NA,2006-07-18 15:59:43
5585,192,2,2390.66647,NA,2006-07-18 15:59:43
3798,195,1,2390.66647,NA,2006-07-18 15:59:43
5585,195,1,2390.66647,NA,2006-07-18 15:59:43
3798,195,2,2390.66647,NA,2006-07-18 15:59:43
5585,195,2,2390.66647,NA,2006-07-18 15:59:43
3798,192,1,2390.750081,25.4232,2006-07-18 18:00:06
5585,192,1,2390.750081,25.4232,2006-07-18 18:00:06
3798,192,2,2390.750081,36.5723,2006-07-18 18:00:06
5585,192,2,2390.750081,36.5723,2006-07-18 18:00:06
3798,195,1,2390.750081,NA,2006-07-18 18:00:06
5585,195,1,2390.750081,NA,2006-07-18 18:00:06
3798,195,2,2390.750081,NA,2006-07-18 18:00:06
5585,195,2,2390.750081,NA,2006-07-18 18:00:06
3798,192,1,2390.833414,NA,2006-07-18 20:00:06
5585,192,1,2390.833414,NA,2006-07-18 20:00:06
3798,192,2,2390.833414,NA,2006-07-18 20:00:06
5585,192,2,2390.833414,NA,2006-07-18 20:00:06
3798,195,1,2390.833414,NA,2006-07-18 20:00:06
5585,195,1,2390.833414,NA,2006-07-18 20:00:06
3798,195,2,2390.833414,NA,2006-07-18 20:00:06
5585,195,2,2390.833414,NA,2006-07-18 20:00:06
3798,192,1,2390.916748,NA,2006-07-18 22:00:07
5585,192,1,2390.916748,NA,2006-07-18 22:00:07
3798,192,2,2390.916748,NA,2006-07-18 22:00:07
5585,192,2,2390.916748,NA,2006-07-18 22:00:07
3798,195,1,2390.916748,NA,2006-07-18 22:00:07
5585,195,1,2390.916748,NA,2006-07-18 22:00:07
3798,195,2,2390.916748,NA,2006-07-18 22:00:07
5585,195,2,2390.916748,NA,2006-07-18 22:00:07
3798,193,1,2391.000035,NA,2006-07-19 00:00:03
5585,193,1,2391.000035,NA,2006-07-19 00:00:03
3798,193,2,2391.000035,NA,2006-07-19 00:00:03
5585,193,2,2391.000035,NA,2006-07-19 00:00:03
3798,192,1,2391.000081,25.5046,2006-07-19 00:00:06
5585,192,1,2391.000081,25.5046,2006-07-19 00:00:06
3798,192,2,2391.000081,35.9212,2006-07-19 00:00:06
5585,192,2,2391.000081,35.9212,2006-07-19 00:00:06
3798,195,1,2391.000081,NA,2006-07-19 00:00:06
5585,195,1,2391.000081,NA,2006-07-19 00:00:06
3798,195,2,2391.000081,NA,2006-07-19 00:00:06
5585,195,2,2391.000081,NA,2006-07-19 00:00:06
3798,192,1,2391.083414,NA,2006-07-19 02:00:06
5585,192,1,2391.083414,NA,2006-07-19 02:00:06
3798,192,2,2391.083414,NA,2006-07-19 02:00:06
5585,192,2,2391.083414,NA,2006-07-19 02:00:06
3798,195,1,2391.083414,NA,2006-07-19 02:00:06
5585,195,1,2391.083414,NA,2006-07-19 02:00:06
3798,195,2,2391.083414,NA,2006-07-19 02:00:06
5585,195,2,2391.083414,NA,2006-07-19 02:00:06
3798,192,1,2391.166748,NA,2006-07-19 04:00:07
5585,192,1,2391.166748,NA,2006-07-19 04:00:07
3798,192,2,2391.166748,NA,2006-07-19 04:00:07
5585,192,2,2391.166748,NA,2006-07-19 04:00:07
3798,195,1,2391.166748,NA,2006-07-19 04:00:07
5585,195,1,2391.166748,NA,2006-07-19 04:00:07
3798,195,2,2391.166748,NA,2006-07-19 04:00:07
5585,195,2,2391.166748,NA,2006-07-19 04:00:07
3798,192,1,2391.250081,25.8301,2006-07-19 06:00:06
5585,192,1,2391.250081,25.8301,2006-07-19 06:00:06
3798,192,2,2391.250081,36.084,2006-07-19 06:00:06
5585,192,2,2391.250081,36.084,2006-07-19 06:00:06
3798,195,1,2391.250081,NA,2006-07-19 06:00:06
5585,195,1,2391.250081,NA,2006-07-19 06:00:06
3798,195,2,2391.250081,NA,2006-07-19 06:00:06
5585,195,2,2391.250081,NA,2006-07-19 06:00:06
3798,192,1,2391.333137,25.3418,2006-07-19 07:59:43
5585,192,1,2391.333137,25.3418,2006-07-19 07:59:43
3798,192,2,2391.333137,36.2467,2006-07-19 07:59:43
5585,192,2,2391.333137,36.2467,2006-07-19 07:59:43
3798,195,1,2391.333137,NA,2006-07-19 07:59:43
5585,195,1,2391.333137,NA,2006-07-19 07:59:43
3798,195,2,2391.333137,NA,2006-07-19 07:59:43
5585,195,2,2391.333137,NA,2006-07-19 07:59:43
3798,192,1,2391.416748,24.528,2006-07-19 10:00:07
5585,192,1,2391.416748,24.528,2006-07-19 10:00:07
3798,192,2,2391.416748,36.2467,2006-07-19 10:00:07
5585,192,2,2391.416748,36.2467,2006-07-19 10:00:07
3798,195,1,2391.416748,NA,2006-07-19 10:00:07
5585,195,1,2391.416748,NA,2006-07-19 10:00:07
3798,195,2,2391.416748,NA,2006-07-19 10:00:07
5585,195,2,2391.416748,NA,2006-07-19 10:00:07
3798,192,1,2391.500081,NA,2006-07-19 12:00:06
5585,192,1,2391.500081,NA,2006-07-19 12:00:06
3798,192,2,2391.500081,NA,2006-07-19 12:00:06
5585,192,2,2391.500081,NA,2006-07-19 12:00:06
3798,195,1,2391.500081,NA,2006-07-19 12:00:06
5585,195,1,2391.500081,NA,2006-07-19 12:00:06
3798,195,2,2391.500081,NA,2006-07-19 12:00:06
5585,195,2,2391.500081,NA,2006-07-19 12:00:06
3798,192,1,2391.583414,NA,2006-07-19 14:00:06
5585,192,1,2391.583414,NA,2006-07-19 14:00:06
3798,192,2,2391.583414,NA,2006-07-19 14:00:06
5585,192,2,2391.583414,NA,2006-07-19 14:00:06
3798,195,1,2391.583414,NA,2006-07-19 14:00:06
5585,195,1,2391.583414,NA,2006-07-19 14:00:06
3798,195,2,2391.583414,NA,2006-07-19 14:00:06
5585,195,2,2391.583414,NA,2006-07-19 14:00:06
3798,192,1,2391.666748,NA,2006-07-19 16:00:07
3798,192,2,2391.666748,NA,2006-07-19 16:00:07
3798,195,1,2391.666748,NA,2006-07-19 16:00:07
3798,195,2,2391.666748,NA,2006-07-19 16:00:07
3798,193,1,2391.750035,NA,2006-07-19 18:00:03
3798,193,2,2391.750035,NA,2006-07-19 18:00:03
3798,192,1,2391.750081,NA,2006-07-19 18:00:06
3798,192,2,2391.750081,NA,2006-07-19 18:00:06
3798,195,1,2391.750081,NA,2006-07-19 18:00:06
3798,195,2,2391.750081,NA,2006-07-19 18:00:06
3798,192,1,2391.833414,NA,2006-07-19 20:00:06
3798,192,2,2391.833414,NA,2006-07-19 20:00:06
3798,195,1,2391.833414,NA,2006-07-19 20:00:06
3798,195,2,2391.833414,NA,2006-07-19 20:00:06
3798,192,1,2391.916748,24.9349,2006-07-19 22:00:07
3798,192,2,2391.916748,35.1888,2006-07-19 22:00:07
3798,195,1,2391.916748,NA,2006-07-19 22:00:07
3798,195,2,2391.916748,NA,2006-07-19 22:00:07
3798,192,1,2391.999803,NA,2006-07-19 23:59:42
3798,192,2,2391.999803,NA,2006-07-19 23:59:42
3798,195,1,2391.999803,NA,2006-07-19 23:59:42
3798,195,2,2391.999803,NA,2006-07-19 23:59:42
3798,192,1,2392.083414,NA,2006-07-20 02:00:06
3798,192,2,2392.083414,NA,2006-07-20 02:00:06
3798,195,1,2392.083414,NA,2006-07-20 02:00:06
3798,195,2,2392.083414,NA,2006-07-20 02:00:06
3798,192,1,2392.166748,NA,2006-07-20 04:00:07
3798,192,2,2392.166748,NA,2006-07-20 04:00:07
3798,195,1,2392.166748,NA,2006-07-20 04:00:07
3798,195,2,2392.166748,NA,2006-07-20 04:00:07
3798,192,1,2392.250081,NA,2006-07-20 06:00:06
3798,192,2,2392.250081,NA,2006-07-20 06:00:06
3798,195,1,2392.250081,NA,2006-07-20 06:00:06
3798,195,2,2392.250081,NA,2006-07-20 06:00:06
3798,192,1,2392.333414,NA,2006-07-20 08:00:06
3798,192,2,2392.333414,NA,2006-07-20 08:00:06
3798,195,1,2392.333414,NA,2006-07-20 08:00:06
3798,195,2,2392.333414,NA,2006-07-20 08:00:06
3798,195,1,2392.416563,NA,2006-07-20 09:59:51
3798,195,2,2392.416563,NA,2006-07-20 09:59:51
3798,192,1,2392.416748,NA,2006-07-20 10:00:07
3798,192,2,2392.416748,NA,2006-07-20 10:00:07
3798,192,1,2392.500081,NA,2006-07-20 12:00:06
3798,192,2,2392.500081,NA,2006-07-20 12:00:06
3798,195,1,2392.500081,NA,2006-07-20 12:00:06
3798,195,2,2392.500081,NA,2006-07-20 12:00:06
3798,192,1,2392.583414,NA,2006-07-20 14:00:06
3798,192,2,2392.583414,NA,2006-07-20 14:00:06
3798,195,1,2392.583414,NA,2006-07-20 14:00:06
3798,195,2,2392.583414,NA,2006-07-20 14:00:06
3798,192,1,2392.66647,NA,2006-07-20 15:59:43
3798,192,2,2392.66647,NA,2006-07-20 15:59:43
3798,195,1,2392.66647,NA,2006-07-20 15:59:43
3798,195,2,2392.66647,NA,2006-07-20 15:59:43
3798,192,1,2392.750081,NA,2006-07-20 18:00:06
3798,192,2,2392.750081,NA,2006-07-20 18:00:06
3798,195,1,2392.750081,NA,2006-07-20 18:00:06
3798,195,2,2392.750081,NA,2006-07-20 18:00:06
3798,192,1,2392.833414,NA,2006-07-20 20:00:06
3798,192,2,2392.833414,NA,2006-07-20 20:00:06
3798,195,1,2392.833414,NA,2006-07-20 20:00:06
3798,195,2,2392.833414,NA,2006-07-20 20:00:06
3798,192,1,2392.916748,NA,2006-07-20 22:00:07
3798,192,2,2392.916748,NA,2006-07-20 22:00:07
3798,195,1,2392.916748,NA,2006-07-20 22:00:07
3798,195,2,2392.916748,NA,2006-07-20 22:00:07
3798,195,1,2392.999896,NA,2006-07-20 23:59:51
3798,195,2,2392.999896,NA,2006-07-20 23:59:51
3798,192,1,2393.000081,NA,2006-07-21 00:00:06
3798,192,2,2393.000081,NA,2006-07-21 00:00:06
3798,192,1,2393.083414,NA,2006-07-21 02:00:06
3798,192,2,2393.083414,NA,2006-07-21 02:00:06
3798,195,1,2393.083414,NA,2006-07-21 02:00:06
3798,195,2,2393.083414,NA,2006-07-21 02:00:06
3798,192,1,2393.166748,NA,2006-07-21 04:00:07
3798,192,2,2393.166748,NA,2006-07-21 04:00:07
3798,195,1,2393.166748,NA,2006-07-21 04:00:07
3798,195,2,2393.166748,NA,2006-07-21 04:00:07
3798,192,1,2393.250081,NA,2006-07-21 06:00:06
3798,192,2,2393.250081,NA,2006-07-21 06:00:06
3798,195,1,2393.250081,NA,2006-07-21 06:00:06
3798,195,2,2393.250081,NA,2006-07-21 06:00:06
3798,192,1,2393.333137,NA,2006-07-21 07:59:43
3798,192,2,2393.333137,NA,2006-07-21 07:59:43
3798,195,1,2393.333137,NA,2006-07-21 07:59:43
3798,195,2,2393.333137,NA,2006-07-21 07:59:43
3798,192,1,2393.416748,22.4935,2006-07-21 10:00:07
3798,192,2,2393.416748,34.8633,2006-07-21 10:00:07
3798,195,1,2393.416748,NA,2006-07-21 10:00:07
3798,195,2,2393.416748,NA,2006-07-21 10:00:07
3798,192,1,2393.500081,NA,2006-07-21 12:00:06
3798,192,2,2393.500081,NA,2006-07-21 12:00:06
3798,193,1,2393.500081,NA,2006-07-21 12:00:06
3798,193,2,2393.500081,NA,2006-07-21 12:00:06
3798,195,1,2393.500081,NA,2006-07-21 12:00:06
3798,195,2,2393.500081,NA,2006-07-21 12:00:06
3798,192,1,2393.583414,NA,2006-07-21 14:00:06
3798,192,2,2393.583414,NA,2006-07-21 14:00:06
3798,193,1,2393.583414,NA,2006-07-21 14:00:06
3798,193,2,2393.583414,NA,2006-07-21 14:00:06
3798,195,1,2393.583414,NA,2006-07-21 14:00:06
3798,195,2,2393.583414,NA,2006-07-21 14:00:06
3798,192,1,2393.666748,22.819,2006-07-21 16:00:07
3798,192,2,2393.666748,34.4564,2006-07-21 16:00:07
3798,193,1,2393.666748,NA,2006-07-21 16:00:07
3798,193,2,2393.666748,NA,2006-07-21 16:00:07
3798,195,1,2393.666748,NA,2006-07-21 16:00:07
3798,195,2,2393.666748,NA,2006-07-21 16:00:07
3798,192,1,2393.750081,NA,2006-07-21 18:00:06
3798,192,2,2393.750081,NA,2006-07-21 18:00:06
3798,195,1,2393.750081,NA,2006-07-21 18:00:06
3798,195,2,2393.750081,NA,2006-07-21 18:00:06
3798,193,1,2393.75015,NA,2006-07-21 18:00:12
3798,193,2,2393.75015,NA,2006-07-21 18:00:12
3798,192,1,2393.833414,NA,2006-07-21 20:00:06
3798,192,2,2393.833414,NA,2006-07-21 20:00:06
3798,195,1,2393.833414,NA,2006-07-21 20:00:06
3798,195,2,2393.833414,NA,2006-07-21 20:00:06
3798,193,1,2393.833484,NA,2006-07-21 20:00:13
3798,193,2,2393.833484,NA,2006-07-21 20:00:13
3798,192,1,2393.916748,NA,2006-07-21 22:00:07
3798,192,2,2393.916748,NA,2006-07-21 22:00:07
3798,193,1,2393.916748,NA,2006-07-21 22:00:07
3798,193,2,2393.916748,NA,2006-07-21 22:00:07
3798,195,1,2393.916748,NA,2006-07-21 22:00:07
3798,195,2,2393.916748,NA,2006-07-21 22:00:07
3798,192,1,2393.999803,NA,2006-07-21 23:59:42
3798,192,2,2393.999803,NA,2006-07-21 23:59:42
3798,193,1,2393.999803,NA,2006-07-21 23:59:42
3798,193,2,2393.999803,NA,2006-07-21 23:59:42
3798,195,1,2393.999803,NA,2006-07-21 23:59:42
3798,195,2,2393.999803,NA,2006-07-21 23:59:42
3798,192,1,2394.083414,NA,2006-07-22 02:00:06
3798,192,2,2394.083414,NA,2006-07-22 02:00:06
3798,195,1,2394.083414,NA,2006-07-22 02:00:06
3798,195,2,2394.083414,NA,2006-07-22 02:00:06
3798,193,1,2394.083484,NA,2006-07-22 02:00:13
3798,193,2,2394.083484,NA,2006-07-22 02:00:13
3798,192,1,2394.166748,NA,2006-07-22 04:00:07
3798,192,2,2394.166748,NA,2006-07-22 04:00:07
3798,193,1,2394.166748,NA,2006-07-22 04:00:07
3798,193,2,2394.166748,NA,2006-07-22 04:00:07
3798,195,1,2394.166748,NA,2006-07-22 04:00:07
3798,195,2,2394.166748,NA,2006-07-22 04:00:07
3798,192,1,2394.250081,NA,2006-07-22 06:00:06
3798,192,2,2394.250081,NA,2006-07-22 06:00:06
3798,193,1,2394.250081,NA,2006-07-22 06:00:06
3798,193,2,2394.250081,NA,2006-07-22 06:00:06
3798,195,1,2394.250081,NA,2006-07-22 06:00:06
3798,195,2,2394.250081,NA,2006-07-22 06:00:06
3798,192,1,2394.333414,NA,2006-07-22 08:00:06
3798,192,2,2394.333414,NA,2006-07-22 08:00:06
3798,193,1,2394.333414,NA,2006-07-22 08:00:06
3798,193,2,2394.333414,NA,2006-07-22 08:00:06
3798,195,1,2394.333414,NA,2006-07-22 08:00:06
3798,195,2,2394.333414,NA,2006-07-22 08:00:06
3798,192,1,2394.416748,NA,2006-07-22 10:00:07
3798,192,2,2394.416748,NA,2006-07-22 10:00:07
3798,193,1,2394.416748,NA,2006-07-22 10:00:07
3798,193,2,2394.416748,NA,2006-07-22 10:00:07
3798,195,1,2394.416748,NA,2006-07-22 10:00:07
3798,195,2,2394.416748,NA,2006-07-22 10:00:07
3798,192,1,2394.500081,22.5749,2006-07-22 12:00:06
3798,192,2,2394.500081,33.8053,2006-07-22 12:00:06
3798,193,1,2394.500081,NA,2006-07-22 12:00:06
3798,193,2,2394.500081,NA,2006-07-22 12:00:06
3798,195,1,2394.500081,NA,2006-07-22 12:00:06
3798,195,2,2394.500081,NA,2006-07-22 12:00:06
3798,192,1,2394.583414,NA,2006-07-22 14:00:06
3798,192,2,2394.583414,NA,2006-07-22 14:00:06
3798,193,1,2394.583414,NA,2006-07-22 14:00:06
3798,193,2,2394.583414,NA,2006-07-22 14:00:06
3798,195,1,2394.583414,NA,2006-07-22 14:00:06
3798,195,2,2394.583414,NA,2006-07-22 14:00:06
3798,192,1,2394.66647,21.8424,2006-07-22 15:59:43
3798,192,2,2394.66647,33.8053,2006-07-22 15:59:43
3798,193,1,2394.66647,NA,2006-07-22 15:59:43
3798,193,2,2394.66647,NA,2006-07-22 15:59:43
3798,195,1,2394.66647,NA,2006-07-22 15:59:43
3798,195,2,2394.66647,NA,2006-07-22 15:59:43
3798,192,1,2394.750081,NA,2006-07-22 18:00:06
3798,192,2,2394.750081,NA,2006-07-22 18:00:06
3798,193,1,2394.750081,NA,2006-07-22 18:00:06
3798,193,2,2394.750081,NA,2006-07-22 18:00:06
3798,195,1,2394.750081,NA,2006-07-22 18:00:06
3798,195,2,2394.750081,NA,2006-07-22 18:00:06
3798,192,1,2394.833229,NA,2006-07-22 19:59:50
3798,192,2,2394.833229,NA,2006-07-22 19:59:50
3798,193,1,2394.833414,NA,2006-07-22 20:00:06
3798,193,2,2394.833414,NA,2006-07-22 20:00:06
3798,195,1,2394.833414,NA,2006-07-22 20:00:06
3798,195,2,2394.833414,NA,2006-07-22 20:00:06
3798,192,1,2394.916748,34.1309,2006-07-22 22:00:07
3798,192,2,2394.916748,41.0482,2006-07-22 22:00:07
3798,193,1,2394.916748,NA,2006-07-22 22:00:07
3798,193,2,2394.916748,NA,2006-07-22 22:00:07
3798,195,1,2394.916748,NA,2006-07-22 22:00:07
3798,195,2,2394.916748,NA,2006-07-22 22:00:07
3798,192,1,2395.000081,30.6315,2006-07-23 00:00:06
3798,192,2,2395.000081,39.8275,2006-07-23 00:00:06
3798,193,1,2395.000081,NA,2006-07-23 00:00:06
3798,193,2,2395.000081,NA,2006-07-23 00:00:06
3798,195,1,2395.000081,NA,2006-07-23 00:00:06
3798,195,2,2395.000081,NA,2006-07-23 00:00:06
3798,192,1,2395.083414,NA,2006-07-23 02:00:06
3798,192,2,2395.083414,NA,2006-07-23 02:00:06
3798,193,1,2395.083414,NA,2006-07-23 02:00:06
3798,193,2,2395.083414,NA,2006-07-23 02:00:06
3798,195,1,2395.083414,NA,2006-07-23 02:00:06
3798,195,2,2395.083414,NA,2006-07-23 02:00:06
3798,192,1,2395.166748,30.7943,2006-07-23 04:00:07
3798,192,2,2395.166748,40.4785,2006-07-23 04:00:07
3798,193,1,2395.166748,NA,2006-07-23 04:00:07
3798,193,2,2395.166748,NA,2006-07-23 04:00:07
3798,195,1,2395.166748,NA,2006-07-23 04:00:07
3798,195,2,2395.166748,NA,2006-07-23 04:00:07
3798,192,1,2395.250081,NA,2006-07-23 06:00:06
3798,192,2,2395.250081,NA,2006-07-23 06:00:06
3798,193,1,2395.250081,NA,2006-07-23 06:00:06
3798,193,2,2395.250081,NA,2006-07-23 06:00:06
3798,195,1,2395.250081,NA,2006-07-23 06:00:06
3798,195,2,2395.250081,NA,2006-07-23 06:00:06
3798,192,1,2395.333137,NA,2006-07-23 07:59:43
3798,192,2,2395.333137,NA,2006-07-23 07:59:43
3798,193,1,2395.333137,NA,2006-07-23 07:59:43
3798,193,2,2395.333137,NA,2006-07-23 07:59:43
3798,195,1,2395.333137,NA,2006-07-23 07:59:43
3798,195,2,2395.333137,NA,2006-07-23 07:59:43
3798,192,1,2395.416748,29.9805,2006-07-23 10:00:07
3798,192,2,2395.416748,40.2344,2006-07-23 10:00:07
3798,193,1,2395.416748,NA,2006-07-23 10:00:07
3798,193,2,2395.416748,NA,2006-07-23 10:00:07
3798,195,1,2395.416748,NA,2006-07-23 10:00:07
3798,195,2,2395.416748,NA,2006-07-23 10:00:07
3798,192,1,2395.500081,29.9805,2006-07-23 12:00:06
3798,192,2,2395.500081,40.0716,2006-07-23 12:00:06
3798,193,1,2395.500081,NA,2006-07-23 12:00:06
3798,193,2,2395.500081,NA,2006-07-23 12:00:06
3798,195,1,2395.500081,NA,2006-07-23 12:00:06
3798,195,2,2395.500081,NA,2006-07-23 12:00:06
3798,192,1,2395.583414,NA,2006-07-23 14:00:06
3798,192,2,2395.583414,NA,2006-07-23 14:00:06
3798,193,1,2395.583414,NA,2006-07-23 14:00:06
3798,193,2,2395.583414,NA,2006-07-23 14:00:06
3798,195,1,2395.583414,NA,2006-07-23 14:00:06
3798,195,2,2395.583414,NA,2006-07-23 14:00:06
3798,192,1,2395.666748,NA,2006-07-23 16:00:07
3798,192,2,2395.666748,NA,2006-07-23 16:00:07
3798,193,1,2395.666748,NA,2006-07-23 16:00:07
3798,193,2,2395.666748,NA,2006-07-23 16:00:07
3798,195,1,2395.666748,NA,2006-07-23 16:00:07
3798,195,2,2395.666748,NA,2006-07-23 16:00:07
3798,192,1,2395.750081,30.2246,2006-07-23 18:00:06
3798,192,2,2395.750081,40.0716,2006-07-23 18:00:06
3798,193,1,2395.750081,NA,2006-07-23 18:00:06
3798,193,2,2395.750081,NA,2006-07-23 18:00:06
3798,195,1,2395.750081,NA,2006-07-23 18:00:06
3798,195,2,2395.750081,NA,2006-07-23 18:00:06
3798,192,1,2395.833414,NA,2006-07-23 20:00:06
3798,192,2,2395.833414,NA,2006-07-23 20:00:06
3798,193,1,2395.833414,NA,2006-07-23 20:00:06
3798,193,2,2395.833414,NA,2006-07-23 20:00:06
3798,195,1,2395.833414,NA,2006-07-23 20:00:06
3798,195,2,2395.833414,NA,2006-07-23 20:00:06
3798,192,1,2395.916748,NA,2006-07-23 22:00:07
3798,192,2,2395.916748,NA,2006-07-23 22:00:07
3798,193,1,2395.916748,NA,2006-07-23 22:00:07
3798,193,2,2395.916748,NA,2006-07-23 22:00:07
3798,195,1,2395.916748,NA,2006-07-23 22:00:07
3798,195,2,2395.916748,NA,2006-07-23 22:00:07
3798,192,1,2395.999803,NA,2006-07-23 23:59:42
3798,192,2,2395.999803,NA,2006-07-23 23:59:42
3798,195,1,2395.999803,NA,2006-07-23 23:59:42
3798,195,2,2395.999803,NA,2006-07-23 23:59:42
3798,193,1,2395.999838,NA,2006-07-23 23:59:46
3798,193,2,2395.999838,NA,2006-07-23 23:59:46
3798,192,1,2396.083414,NA,2006-07-24 02:00:06
3798,192,2,2396.083414,NA,2006-07-24 02:00:06
3798,193,1,2396.083414,NA,2006-07-24 02:00:06
3798,193,2,2396.083414,NA,2006-07-24 02:00:06
3798,195,1,2396.083414,NA,2006-07-24 02:00:06
3798,195,2,2396.083414,NA,2006-07-24 02:00:06
3798,192,1,2396.166748,NA,2006-07-24 04:00:07
3798,192,2,2396.166748,NA,2006-07-24 04:00:07
3798,193,1,2396.166748,NA,2006-07-24 04:00:07
3798,193,2,2396.166748,NA,2006-07-24 04:00:07
3798,195,1,2396.166748,NA,2006-07-24 04:00:07
3798,195,2,2396.166748,NA,2006-07-24 04:00:07
3798,192,1,2396.249896,NA,2006-07-24 05:59:51
3798,192,2,2396.249896,NA,2006-07-24 05:59:51
3798,195,1,2396.249896,NA,2006-07-24 05:59:51
3798,195,2,2396.249896,NA,2006-07-24 05:59:51
3798,193,1,2396.250081,NA,2006-07-24 06:00:06
3798,193,2,2396.250081,NA,2006-07-24 06:00:06
3798,193,1,2396.333414,NA,2006-07-24 08:00:06
3798,193,2,2396.333414,NA,2006-07-24 08:00:06
3798,195,1,2396.333414,NA,2006-07-24 08:00:06
3798,195,2,2396.333414,NA,2006-07-24 08:00:06
3798,192,1,2396.416748,NA,2006-07-24 10:00:07
3798,192,2,2396.416748,NA,2006-07-24 10:00:07
3798,193,1,2396.416748,NA,2006-07-24 10:00:07
3798,193,2,2396.416748,NA,2006-07-24 10:00:07
3798,195,1,2396.416748,NA,2006-07-24 10:00:07
3798,195,2,2396.416748,NA,2006-07-24 10:00:07
3798,192,1,2396.500081,NA,2006-07-24 12:00:06
3798,192,2,2396.500081,NA,2006-07-24 12:00:06
3798,193,1,2396.500081,NA,2006-07-24 12:00:06
3798,193,2,2396.500081,NA,2006-07-24 12:00:06
3798,195,1,2396.500081,NA,2006-07-24 12:00:06
3798,195,2,2396.500081,NA,2006-07-24 12:00:06
3798,192,1,2396.583414,NA,2006-07-24 14:00:06
3798,192,2,2396.583414,NA,2006-07-24 14:00:06
3798,193,1,2396.583414,NA,2006-07-24 14:00:06
3798,193,2,2396.583414,NA,2006-07-24 14:00:06
3798,195,1,2396.583414,NA,2006-07-24 14:00:06
3798,195,2,2396.583414,NA,2006-07-24 14:00:06
3798,192,1,2396.66647,NA,2006-07-24 15:59:43
3798,192,2,2396.66647,NA,2006-07-24 15:59:43
3798,193,1,2396.66647,NA,2006-07-24 15:59:43
3798,193,2,2396.66647,NA,2006-07-24 15:59:43
3798,195,1,2396.66647,NA,2006-07-24 15:59:43
3798,195,2,2396.66647,NA,2006-07-24 15:59:43
3798,192,1,2396.750081,NA,2006-07-24 18:00:06
3798,192,2,2396.750081,NA,2006-07-24 18:00:06
3798,193,1,2396.750081,NA,2006-07-24 18:00:06
3798,193,2,2396.750081,NA,2006-07-24 18:00:06
3798,195,1,2396.750081,NA,2006-07-24 18:00:06
3798,195,2,2396.750081,NA,2006-07-24 18:00:06
3798,192,1,2396.833414,NA,2006-07-24 20:00:06
3798,192,2,2396.833414,NA,2006-07-24 20:00:06
3798,193,1,2396.833414,NA,2006-07-24 20:00:06
3798,193,2,2396.833414,NA,2006-07-24 20:00:06
3798,195,1,2396.833414,NA,2006-07-24 20:00:06
3798,195,2,2396.833414,NA,2006-07-24 20:00:06
3798,195,1,2396.916563,NA,2006-07-24 21:59:51
3798,195,2,2396.916563,NA,2006-07-24 21:59:51
3798,192,1,2396.916748,NA,2006-07-24 22:00:07
3798,192,2,2396.916748,NA,2006-07-24 22:00:07
3798,193,1,2396.916759,NA,2006-07-24 22:00:07
3798,193,2,2396.916759,NA,2006-07-24 22:00:07
3798,192,1,2397.000081,NA,2006-07-25 00:00:06
3798,192,2,2397.000081,NA,2006-07-25 00:00:06
3798,193,1,2397.000081,NA,2006-07-25 00:00:06
3798,193,2,2397.000081,NA,2006-07-25 00:00:06
3798,195,1,2397.000081,NA,2006-07-25 00:00:06
3798,195,2,2397.000081,NA,2006-07-25 00:00:06
3798,195,1,2397.083229,NA,2006-07-25 01:59:50
3798,195,2,2397.083229,NA,2006-07-25 01:59:50
3798,192,1,2397.083414,NA,2006-07-25 02:00:06
3798,192,2,2397.083414,NA,2006-07-25 02:00:06
3798,193,1,2397.083414,NA,2006-07-25 02:00:06
3798,193,2,2397.083414,NA,2006-07-25 02:00:06
3798,192,1,2397.166748,NA,2006-07-25 04:00:07
3798,192,2,2397.166748,NA,2006-07-25 04:00:07
3798,193,1,2397.166748,NA,2006-07-25 04:00:07
3798,193,2,2397.166748,NA,2006-07-25 04:00:07
3798,195,1,2397.166748,NA,2006-07-25 04:00:07
3798,195,2,2397.166748,NA,2006-07-25 04:00:07
3798,192,1,2397.250081,NA,2006-07-25 06:00:06
3798,192,2,2397.250081,NA,2006-07-25 06:00:06
3798,193,1,2397.250081,NA,2006-07-25 06:00:06
3798,193,2,2397.250081,NA,2006-07-25 06:00:06
3798,195,1,2397.250081,NA,2006-07-25 06:00:06
3798,195,2,2397.250081,NA,2006-07-25 06:00:06
3798,192,1,2397.333137,NA,2006-07-25 07:59:43
3798,192,2,2397.333137,NA,2006-07-25 07:59:43
3798,193,1,2397.333137,NA,2006-07-25 07:59:43
3798,193,2,2397.333137,NA,2006-07-25 07:59:43
3798,195,1,2397.333171,NA,2006-07-25 07:59:45
3798,195,2,2397.333171,NA,2006-07-25 07:59:45
3798,192,1,2397.416748,NA,2006-07-25 10:00:07
3798,192,2,2397.416748,NA,2006-07-25 10:00:07
3798,193,1,2397.416748,NA,2006-07-25 10:00:07
3798,193,2,2397.416748,NA,2006-07-25 10:00:07
3798,195,1,2397.416748,NA,2006-07-25 10:00:07
3798,195,2,2397.416748,NA,2006-07-25 10:00:07
3798,192,1,2397.500081,NA,2006-07-25 12:00:06
3798,192,2,2397.500081,NA,2006-07-25 12:00:06
3798,193,1,2397.500081,NA,2006-07-25 12:00:06
3798,193,2,2397.500081,NA,2006-07-25 12:00:06
3798,195,1,2397.500081,NA,2006-07-25 12:00:06
3798,195,2,2397.500081,NA,2006-07-25 12:00:06
3798,192,1,2397.583414,NA,2006-07-25 14:00:06
3798,192,2,2397.583414,NA,2006-07-25 14:00:06
3798,193,1,2397.583414,NA,2006-07-25 14:00:06
3798,193,2,2397.583414,NA,2006-07-25 14:00:06
3798,195,1,2397.583414,NA,2006-07-25 14:00:06
3798,195,2,2397.583414,NA,2006-07-25 14:00:06
3798,192,1,2397.666748,NA,2006-07-25 16:00:07
3798,192,2,2397.666748,NA,2006-07-25 16:00:07
3798,193,1,2397.666748,NA,2006-07-25 16:00:07
3798,193,2,2397.666748,NA,2006-07-25 16:00:07
3798,195,1,2397.666748,NA,2006-07-25 16:00:07
3798,195,2,2397.666748,NA,2006-07-25 16:00:07
3798,192,1,2397.750081,NA,2006-07-25 18:00:06
3798,192,2,2397.750081,NA,2006-07-25 18:00:06
3798,193,1,2397.750081,NA,2006-07-25 18:00:06
3798,193,2,2397.750081,NA,2006-07-25 18:00:06
3798,195,1,2397.750081,NA,2006-07-25 18:00:06
3798,195,2,2397.750081,NA,2006-07-25 18:00:06
3798,192,1,2397.833414,NA,2006-07-25 20:00:06
3798,192,2,2397.833414,NA,2006-07-25 20:00:06
3798,193,1,2397.833414,NA,2006-07-25 20:00:06
3798,193,2,2397.833414,NA,2006-07-25 20:00:06
3798,195,1,2397.833414,NA,2006-07-25 20:00:06
3798,195,2,2397.833414,NA,2006-07-25 20:00:06
3798,195,1,2397.916748,NA,2006-07-25 22:00:07
3798,195,2,2397.916748,NA,2006-07-25 22:00:07
3798,195,1,2397.999803,NA,2006-07-25 23:59:42
3798,195,2,2397.999803,NA,2006-07-25 23:59:42
3798,195,1,2398.083414,NA,2006-07-26 02:00:06
3798,195,2,2398.083414,NA,2006-07-26 02:00:06
3798,195,1,2398.166748,NA,2006-07-26 04:00:07
3798,195,2,2398.166748,NA,2006-07-26 04:00:07
3798,195,1,2398.250081,NA,2006-07-26 06:00:06
3798,195,2,2398.250081,NA,2006-07-26 06:00:06
3798,195,1,2398.333414,NA,2006-07-26 08:00:06
3798,195,2,2398.333414,NA,2006-07-26 08:00:06
3798,195,1,2398.416748,NA,2006-07-26 10:00:07
3798,195,2,2398.416748,NA,2006-07-26 10:00:07
3798,195,1,2398.500081,NA,2006-07-26 12:00:06
3798,195,2,2398.500081,NA,2006-07-26 12:00:06
3798,195,1,2398.583414,NA,2006-07-26 14:00:06
3798,195,2,2398.583414,NA,2006-07-26 14:00:06
3798,195,1,2398.66647,NA,2006-07-26 15:59:43
3798,195,2,2398.66647,NA,2006-07-26 15:59:43
3798,195,1,2398.750081,NA,2006-07-26 18:00:06
3798,195,2,2398.750081,NA,2006-07-26 18:00:06
3798,195,1,2398.833414,NA,2006-07-26 20:00:06
3798,195,2,2398.833414,NA,2006-07-26 20:00:06
3798,195,1,2398.916759,NA,2006-07-26 22:00:07
3798,195,2,2398.916759,NA,2006-07-26 22:00:07
3798,195,1,2399.000081,NA,2006-07-27 00:00:06
3798,195,2,2399.000081,NA,2006-07-27 00:00:06
3798,195,1,2399.083414,NA,2006-07-27 02:00:06
3798,195,2,2399.083414,NA,2006-07-27 02:00:06
3798,195,1,2399.166563,NA,2006-07-27 03:59:51
3798,195,2,2399.166563,NA,2006-07-27 03:59:51
3798,195,1,2399.250081,NA,2006-07-27 06:00:06
3798,195,2,2399.250081,NA,2006-07-27 06:00:06
3798,195,1,2399.333137,NA,2006-07-27 07:59:43
3798,195,2,2399.333137,NA,2006-07-27 07:59:43
3798,195,1,2399.416748,NA,2006-07-27 10:00:07
3798,195,2,2399.416748,NA,2006-07-27 10:00:07
3798,195,1,2399.500081,NA,2006-07-27 12:00:06
3798,195,2,2399.500081,NA,2006-07-27 12:00:06
3798,195,1,2399.583414,NA,2006-07-27 14:00:06
3798,195,2,2399.583414,NA,2006-07-27 14:00:06
3798,195,1,2399.666748,NA,2006-07-27 16:00:07
3798,195,2,2399.666748,NA,2006-07-27 16:00:07
3798,195,1,2399.750081,NA,2006-07-27 18:00:06
3798,195,2,2399.750081,NA,2006-07-27 18:00:06
3798,192,1,2399.916701,NA,2006-07-27 22:00:02
3798,192,2,2399.916701,NA,2006-07-27 22:00:02
3798,195,1,2400.166701,NA,2006-07-28 04:00:02
3798,195,2,2400.166701,NA,2006-07-28 04:00:02
3798,192,1,2401.500035,NA,2006-07-29 12:00:03
3798,192,2,2401.500035,NA,2006-07-29 12:00:03
3798,195,1,2405.666701,NA,2006-08-02 16:00:02
3798,195,2,2405.666701,NA,2006-08-02 16:00:02
3798,193,1,2406.500081,NA,2006-08-03 12:00:06
3798,193,2,2406.500081,NA,2006-08-03 12:00:06
3798,193,1,2406.583414,NA,2006-08-03 14:00:06
3798,193,2,2406.583414,NA,2006-08-03 14:00:06
3798,193,1,2406.66647,NA,2006-08-03 15:59:43
3798,193,2,2406.66647,NA,2006-08-03 15:59:43
3798,193,1,2406.750081,NA,2006-08-03 18:00:06
3798,193,2,2406.750081,NA,2006-08-03 18:00:06
3798,193,1,2406.833414,NA,2006-08-03 20:00:06
3798,193,2,2406.833414,NA,2006-08-03 20:00:06
3798,193,1,2406.916748,NA,2006-08-03 22:00:07
3798,193,2,2406.916748,NA,2006-08-03 22:00:07
3798,193,1,2407.000081,NA,2006-08-04 00:00:06
3798,193,2,2407.000081,NA,2006-08-04 00:00:06
3798,193,1,2407.083414,NA,2006-08-04 02:00:06
3798,193,2,2407.083414,NA,2006-08-04 02:00:06
3798,193,1,2407.166748,NA,2006-08-04 04:00:07
3798,193,2,2407.166748,NA,2006-08-04 04:00:07
3798,193,1,2407.250081,NA,2006-08-04 06:00:06
3798,193,2,2407.250081,NA,2006-08-04 06:00:06
3798,193,1,2407.333137,NA,2006-08-04 07:59:43
3798,193,2,2407.333137,NA,2006-08-04 07:59:43
3798,193,1,2407.416748,NA,2006-08-04 10:00:07
3798,193,2,2407.416748,NA,2006-08-04 10:00:07
3798,193,1,2407.500081,NA,2006-08-04 12:00:06
3798,193,2,2407.500081,NA,2006-08-04 12:00:06
3798,193,1,2407.583414,NA,2006-08-04 14:00:06
3798,193,2,2407.583414,NA,2006-08-04 14:00:06
3798,193,1,2407.666748,NA,2006-08-04 16:00:07
3798,193,2,2407.666748,NA,2006-08-04 16:00:07
3798,193,1,2407.750081,NA,2006-08-04 18:00:06
3798,193,2,2407.750081,NA,2006-08-04 18:00:06
3798,193,1,2407.833414,NA,2006-08-04 20:00:06
3798,193,2,2407.833414,NA,2006-08-04 20:00:06
3798,193,1,2407.916748,NA,2006-08-04 22:00:07
3798,193,2,2407.916748,NA,2006-08-04 22:00:07
3798,193,1,2407.999803,NA,2006-08-04 23:59:42
3798,193,2,2407.999803,NA,2006-08-04 23:59:42
3798,193,1,2408.083414,NA,2006-08-05 02:00:06
3798,193,2,2408.083414,NA,2006-08-05 02:00:06
3798,195,1,2408.166701,NA,2006-08-05 04:00:02
3798,195,2,2408.166701,NA,2006-08-05 04:00:02
3798,193,1,2408.166748,NA,2006-08-05 04:00:07
3798,193,2,2408.166748,NA,2006-08-05 04:00:07
3798,193,1,2408.250081,NA,2006-08-05 06:00:06
3798,193,2,2408.250081,NA,2006-08-05 06:00:06
3798,193,1,2408.333414,NA,2006-08-05 08:00:06
3798,193,2,2408.333414,NA,2006-08-05 08:00:06
3798,193,1,2408.416748,NA,2006-08-05 10:00:07
3798,193,2,2408.416748,NA,2006-08-05 10:00:07
3798,193,1,2408.500081,NA,2006-08-05 12:00:06
3798,193,2,2408.500081,NA,2006-08-05 12:00:06
3798,193,1,2408.583414,NA,2006-08-05 14:00:06
3798,193,2,2408.583414,NA,2006-08-05 14:00:06
3798,193,1,2408.66647,NA,2006-08-05 15:59:43
3798,193,2,2408.66647,NA,2006-08-05 15:59:43
3798,193,1,2408.750081,NA,2006-08-05 18:00:06
3798,193,2,2408.750081,NA,2006-08-05 18:00:06
3798,193,1,2408.833414,NA,2006-08-05 20:00:06
3798,193,2,2408.833414,NA,2006-08-05 20:00:06
3798,193,1,2408.916748,NA,2006-08-05 22:00:07
3798,193,2,2408.916748,NA,2006-08-05 22:00:07
3798,193,1,2409.000081,NA,2006-08-06 00:00:06
3798,193,2,2409.000081,NA,2006-08-06 00:00:06
3798,193,1,2409.083414,NA,2006-08-06 02:00:06
3798,193,2,2409.083414,NA,2006-08-06 02:00:06
3798,193,1,2409.166748,NA,2006-08-06 04:00:07
3798,193,2,2409.166748,NA,2006-08-06 04:00:07
3798,193,1,2409.250081,NA,2006-08-06 06:00:06
3798,193,2,2409.250081,NA,2006-08-06 06:00:06
3798,193,1,2409.333137,NA,2006-08-06 07:59:43
3798,193,2,2409.333137,NA,2006-08-06 07:59:43
3798,193,1,2409.416748,NA,2006-08-06 10:00:07
3798,193,2,2409.416748,NA,2006-08-06 10:00:07
3798,195,1,2409.500035,NA,2006-08-06 12:00:03
3798,195,2,2409.500035,NA,2006-08-06 12:00:03
3798,193,1,2409.500081,NA,2006-08-06 12:00:06
3798,193,2,2409.500081,NA,2006-08-06 12:00:06
3798,193,1,2409.583414,NA,2006-08-06 14:00:06
3798,193,2,2409.583414,NA,2006-08-06 14:00:06
3798,193,1,2409.666748,NA,2006-08-06 16:00:07
3798,193,2,2409.666748,NA,2006-08-06 16:00:07
3798,193,1,2409.750081,NA,2006-08-06 18:00:06
3798,193,2,2409.750081,NA,2006-08-06 18:00:06
3798,193,1,2409.833414,NA,2006-08-06 20:00:06
3798,193,2,2409.833414,NA,2006-08-06 20:00:06
3798,193,1,2409.916748,NA,2006-08-06 22:00:07
3798,193,2,2409.916748,NA,2006-08-06 22:00:07
3798,193,1,2409.999803,NA,2006-08-06 23:59:42
3798,193,2,2409.999803,NA,2006-08-06 23:59:42
3798,193,1,2410.083414,NA,2006-08-07 02:00:06
3798,193,2,2410.083414,NA,2006-08-07 02:00:06
3798,193,1,2410.166748,NA,2006-08-07 04:00:07
3798,193,2,2410.166748,NA,2006-08-07 04:00:07
3798,193,1,2410.250081,NA,2006-08-07 06:00:06
3798,193,2,2410.250081,NA,2006-08-07 06:00:06
3798,193,1,2410.333414,NA,2006-08-07 08:00:06
3798,193,2,2410.333414,NA,2006-08-07 08:00:06
3798,193,1,2410.416748,NA,2006-08-07 10:00:07
3798,193,2,2410.416748,NA,2006-08-07 10:00:07
3798,193,1,2410.500081,NA,2006-08-07 12:00:06
3798,193,2,2410.500081,NA,2006-08-07 12:00:06
3798,193,1,2410.583414,NA,2006-08-07 14:00:06
3798,193,2,2410.583414,NA,2006-08-07 14:00:06
3798,193,1,2410.66647,NA,2006-08-07 15:59:43
3798,193,2,2410.66647,NA,2006-08-07 15:59:43
3798,195,1,2410.66647,NA,2006-08-07 15:59:43
3798,195,2,2410.66647,NA,2006-08-07 15:59:43
3798,193,1,2410.750081,NA,2006-08-07 18:00:06
3798,193,2,2410.750081,NA,2006-08-07 18:00:06
3798,195,1,2410.750081,NA,2006-08-07 18:00:06
3798,195,2,2410.750081,NA,2006-08-07 18:00:06
3798,193,1,2410.833414,NA,2006-08-07 20:00:06
3798,193,2,2410.833414,NA,2006-08-07 20:00:06
3798,195,1,2410.833414,NA,2006-08-07 20:00:06
3798,195,2,2410.833414,NA,2006-08-07 20:00:06
3798,193,1,2410.916748,NA,2006-08-07 22:00:07
3798,193,2,2410.916748,NA,2006-08-07 22:00:07
3798,195,1,2410.916748,NA,2006-08-07 22:00:07
3798,195,2,2410.916748,NA,2006-08-07 22:00:07
3798,195,1,2410.999896,NA,2006-08-07 23:59:51
3798,195,2,2410.999896,NA,2006-08-07 23:59:51
3798,193,1,2411.000081,NA,2006-08-08 00:00:06
3798,193,2,2411.000081,NA,2006-08-08 00:00:06
3798,193,1,2411.083414,NA,2006-08-08 02:00:06
3798,193,2,2411.083414,NA,2006-08-08 02:00:06
3798,195,1,2411.083414,NA,2006-08-08 02:00:06
3798,195,2,2411.083414,NA,2006-08-08 02:00:06
3798,193,1,2411.166748,NA,2006-08-08 04:00:07
3798,193,2,2411.166748,NA,2006-08-08 04:00:07
3798,195,1,2411.166748,NA,2006-08-08 04:00:07
3798,195,2,2411.166748,NA,2006-08-08 04:00:07
3798,193,1,2411.250081,NA,2006-08-08 06:00:06
3798,193,2,2411.250081,NA,2006-08-08 06:00:06
3798,195,1,2411.250081,NA,2006-08-08 06:00:06
3798,195,2,2411.250081,NA,2006-08-08 06:00:06
3798,193,1,2411.333137,NA,2006-08-08 07:59:43
3798,193,2,2411.333137,NA,2006-08-08 07:59:43
3798,195,1,2411.333137,NA,2006-08-08 07:59:43
3798,195,2,2411.333137,NA,2006-08-08 07:59:43
3798,193,1,2411.416748,NA,2006-08-08 10:00:07
3798,193,2,2411.416748,NA,2006-08-08 10:00:07
3798,195,1,2411.416748,NA,2006-08-08 10:00:07
3798,195,2,2411.416748,NA,2006-08-08 10:00:07
3798,193,1,2411.500081,NA,2006-08-08 12:00:06
3798,193,2,2411.500081,NA,2006-08-08 12:00:06
3798,195,1,2411.500081,NA,2006-08-08 12:00:06
3798,195,2,2411.500081,NA,2006-08-08 12:00:06
3798,193,1,2411.583414,NA,2006-08-08 14:00:06
3798,193,2,2411.583414,NA,2006-08-08 14:00:06
3798,195,1,2411.583414,NA,2006-08-08 14:00:06
3798,195,2,2411.583414,NA,2006-08-08 14:00:06
3798,193,1,2411.666748,NA,2006-08-08 16:00:07
3798,193,2,2411.666748,NA,2006-08-08 16:00:07
3798,195,1,2411.666748,NA,2006-08-08 16:00:07
3798,195,2,2411.666748,NA,2006-08-08 16:00:07
3798,193,1,2411.750081,NA,2006-08-08 18:00:06
3798,193,2,2411.750081,NA,2006-08-08 18:00:06
3798,195,1,2411.750081,NA,2006-08-08 18:00:06
3798,195,2,2411.750081,NA,2006-08-08 18:00:06
3798,193,1,2411.833414,NA,2006-08-08 20:00:06
3798,193,2,2411.833414,NA,2006-08-08 20:00:06
3798,193,1,2411.916817,NA,2006-08-08 22:00:12
3798,193,2,2411.916817,NA,2006-08-08 22:00:12
3798,193,1,2411.999803,NA,2006-08-08 23:59:42
3798,193,2,2411.999803,NA,2006-08-08 23:59:42
3798,193,1,2412.083414,NA,2006-08-09 02:00:06
3798,193,2,2412.083414,NA,2006-08-09 02:00:06
3798,193,1,2412.166748,NA,2006-08-09 04:00:07
3798,193,2,2412.166748,NA,2006-08-09 04:00:07
3798,193,1,2412.25015,NA,2006-08-09 06:00:12
3798,193,2,2412.25015,NA,2006-08-09 06:00:12
3798,193,1,2412.333414,NA,2006-08-09 08:00:06
3798,193,2,2412.333414,NA,2006-08-09 08:00:06
3798,193,1,2412.416748,NA,2006-08-09 10:00:07
3798,193,2,2412.416748,NA,2006-08-09 10:00:07
3798,193,1,2412.500081,NA,2006-08-09 12:00:06
3798,193,2,2412.500081,NA,2006-08-09 12:00:06
3798,193,1,2412.583414,NA,2006-08-09 14:00:06
3798,193,2,2412.583414,NA,2006-08-09 14:00:06
3798,193,1,2412.66647,NA,2006-08-09 15:59:43
3798,193,2,2412.66647,NA,2006-08-09 15:59:43
3798,193,1,2412.750081,NA,2006-08-09 18:00:06
3798,193,2,2412.750081,NA,2006-08-09 18:00:06
3798,193,1,2412.833414,NA,2006-08-09 20:00:06
3798,193,2,2412.833414,NA,2006-08-09 20:00:06
3798,193,1,2412.916748,NA,2006-08-09 22:00:07
3798,193,2,2412.916748,NA,2006-08-09 22:00:07
3798,193,1,2413.000081,NA,2006-08-10 00:00:06
3798,193,2,2413.000081,NA,2006-08-10 00:00:06
3798,193,1,2413.083414,NA,2006-08-10 02:00:06
3798,193,2,2413.083414,NA,2006-08-10 02:00:06
3798,193,1,2413.166748,NA,2006-08-10 04:00:07
3798,193,2,2413.166748,NA,2006-08-10 04:00:07
3798,193,1,2413.250081,NA,2006-08-10 06:00:06
3798,193,2,2413.250081,NA,2006-08-10 06:00:06
3798,193,1,2413.333137,NA,2006-08-10 07:59:43
3798,193,2,2413.333137,NA,2006-08-10 07:59:43
3798,193,1,2413.416748,NA,2006-08-10 10:00:07
3798,193,2,2413.416748,NA,2006-08-10 10:00:07
3798,193,1,2413.500081,NA,2006-08-10 12:00:06
3798,193,2,2413.500081,NA,2006-08-10 12:00:06
3798,193,1,2413.583414,NA,2006-08-10 14:00:06
3798,193,2,2413.583414,NA,2006-08-10 14:00:06
3798,193,1,2413.666748,NA,2006-08-10 16:00:07
3798,193,2,2413.666748,NA,2006-08-10 16:00:07
3798,193,1,2413.750081,NA,2006-08-10 18:00:06
3798,193,2,2413.750081,NA,2006-08-10 18:00:06
3798,193,1,2413.833414,NA,2006-08-10 20:00:06
3798,193,2,2413.833414,NA,2006-08-10 20:00:06
3798,193,1,2413.916748,NA,2006-08-10 22:00:07
3798,193,2,2413.916748,NA,2006-08-10 22:00:07
3798,193,1,2413.999803,NA,2006-08-10 23:59:42
3798,193,2,2413.999803,NA,2006-08-10 23:59:42
3798,193,1,2414.083414,NA,2006-08-11 02:00:06
3798,193,2,2414.083414,NA,2006-08-11 02:00:06
3798,193,1,2414.166748,NA,2006-08-11 04:00:07
3798,193,2,2414.166748,NA,2006-08-11 04:00:07
3798,193,1,2414.250081,NA,2006-08-11 06:00:06
3798,193,2,2414.250081,NA,2006-08-11 06:00:06
3798,193,1,2414.333414,NA,2006-08-11 08:00:06
3798,193,2,2414.333414,NA,2006-08-11 08:00:06
3798,193,1,2414.416748,NA,2006-08-11 10:00:07
3798,193,2,2414.416748,NA,2006-08-11 10:00:07
3798,193,1,2414.500081,NA,2006-08-11 12:00:06
3798,193,2,2414.500081,NA,2006-08-11 12:00:06
3798,193,1,2414.583414,NA,2006-08-11 14:00:06
3798,193,2,2414.583414,NA,2006-08-11 14:00:06
3798,193,1,2414.66647,NA,2006-08-11 15:59:43
3798,193,2,2414.66647,NA,2006-08-11 15:59:43
3798,193,1,2414.750104,NA,2006-08-11 18:00:08
3798,193,2,2414.750104,NA,2006-08-11 18:00:08
3798,193,1,2414.833414,NA,2006-08-11 20:00:06
3798,193,2,2414.833414,NA,2006-08-11 20:00:06
3798,193,1,2414.916748,NA,2006-08-11 22:00:07
3798,193,2,2414.916748,NA,2006-08-11 22:00:07
3798,193,1,2415.000081,NA,2006-08-12 00:00:06
3798,193,2,2415.000081,NA,2006-08-12 00:00:06
3798,193,1,2415.083414,NA,2006-08-12 02:00:06
3798,193,2,2415.083414,NA,2006-08-12 02:00:06
3798,193,1,2415.166748,NA,2006-08-12 04:00:07
3798,193,2,2415.166748,NA,2006-08-12 04:00:07
3798,193,1,2415.250081,NA,2006-08-12 06:00:06
3798,193,2,2415.250081,NA,2006-08-12 06:00:06
3798,193,1,2415.333137,NA,2006-08-12 07:59:43
3798,193,2,2415.333137,NA,2006-08-12 07:59:43
3798,193,1,2415.416748,NA,2006-08-12 10:00:07
3798,193,2,2415.416748,NA,2006-08-12 10:00:07
3798,193,1,2415.500081,NA,2006-08-12 12:00:06
3798,193,2,2415.500081,NA,2006-08-12 12:00:06
3798,193,1,2415.583414,NA,2006-08-12 14:00:06
3798,193,2,2415.583414,NA,2006-08-12 14:00:06
3798,193,1,2415.666748,NA,2006-08-12 16:00:07
3798,193,2,2415.666748,NA,2006-08-12 16:00:07
3798,193,1,2415.750081,NA,2006-08-12 18:00:06
3798,193,2,2415.750081,NA,2006-08-12 18:00:06
3798,193,1,2415.833414,NA,2006-08-12 20:00:06
3798,193,2,2415.833414,NA,2006-08-12 20:00:06
3798,193,1,2415.916817,NA,2006-08-12 22:00:12
3798,193,2,2415.916817,NA,2006-08-12 22:00:12
3798,193,1,2415.999803,NA,2006-08-12 23:59:42
3798,193,2,2415.999803,NA,2006-08-12 23:59:42
3798,193,1,2416.083414,NA,2006-08-13 02:00:06
3798,193,2,2416.083414,NA,2006-08-13 02:00:06
3798,193,1,2416.166748,NA,2006-08-13 04:00:07
3798,193,2,2416.166748,NA,2006-08-13 04:00:07
3798,193,1,2416.250081,NA,2006-08-13 06:00:06
3798,193,2,2416.250081,NA,2006-08-13 06:00:06
3798,193,1,2416.333414,NA,2006-08-13 08:00:06
3798,193,2,2416.333414,NA,2006-08-13 08:00:06
3798,193,1,2416.416748,NA,2006-08-13 10:00:07
3798,193,2,2416.416748,NA,2006-08-13 10:00:07
3798,193,1,2416.500081,NA,2006-08-13 12:00:06
3798,193,2,2416.500081,NA,2006-08-13 12:00:06
3798,193,1,2416.583414,NA,2006-08-13 14:00:06
3798,193,2,2416.583414,NA,2006-08-13 14:00:06
3798,193,1,2416.66647,NA,2006-08-13 15:59:43
3798,193,2,2416.66647,NA,2006-08-13 15:59:43
3798,193,1,2416.750081,NA,2006-08-13 18:00:06
3798,193,2,2416.750081,NA,2006-08-13 18:00:06
3798,193,1,2416.833414,NA,2006-08-13 20:00:06
3798,193,2,2416.833414,NA,2006-08-13 20:00:06
3798,193,1,2416.916748,NA,2006-08-13 22:00:07
3798,193,2,2416.916748,NA,2006-08-13 22:00:07
3798,193,1,2417.000081,NA,2006-08-14 00:00:06
3798,193,2,2417.000081,NA,2006-08-14 00:00:06
3798,193,1,2417.083414,NA,2006-08-14 02:00:06
3798,193,2,2417.083414,NA,2006-08-14 02:00:06
3798,193,1,2417.166748,NA,2006-08-14 04:00:07
3798,193,2,2417.166748,NA,2006-08-14 04:00:07
3798,193,1,2417.250081,NA,2006-08-14 06:00:06
3798,193,2,2417.250081,NA,2006-08-14 06:00:06
3798,193,1,2417.333137,NA,2006-08-14 07:59:43
3798,193,2,2417.333137,NA,2006-08-14 07:59:43
3798,193,1,2417.416748,NA,2006-08-14 10:00:07
3798,193,2,2417.416748,NA,2006-08-14 10:00:07
3798,193,1,2417.500081,NA,2006-08-14 12:00:06
3798,193,2,2417.500081,NA,2006-08-14 12:00:06
3798,193,1,2417.583414,NA,2006-08-14 14:00:06
3798,193,2,2417.583414,NA,2006-08-14 14:00:06
3798,193,1,2417.666748,NA,2006-08-14 16:00:07
3798,193,2,2417.666748,NA,2006-08-14 16:00:07
3798,193,1,2417.750081,NA,2006-08-14 18:00:06
3798,193,2,2417.750081,NA,2006-08-14 18:00:06
3798,193,1,2417.833414,NA,2006-08-14 20:00:06
3798,193,2,2417.833414,NA,2006-08-14 20:00:06
3798,193,1,2417.916748,NA,2006-08-14 22:00:07
3798,193,2,2417.916748,NA,2006-08-14 22:00:07
3798,193,1,2417.999803,NA,2006-08-14 23:59:42
3798,193,2,2417.999803,NA,2006-08-14 23:59:42
3798,193,1,2418.083414,NA,2006-08-15 02:00:06
3798,193,2,2418.083414,NA,2006-08-15 02:00:06
3798,193,1,2418.166748,NA,2006-08-15 04:00:07
3798,193,2,2418.166748,NA,2006-08-15 04:00:07
3798,193,1,2418.250081,NA,2006-08-15 06:00:06
3798,193,2,2418.250081,NA,2006-08-15 06:00:06
3798,193,1,2418.333414,NA,2006-08-15 08:00:06
3798,193,2,2418.333414,NA,2006-08-15 08:00:06
3798,193,1,2418.416748,NA,2006-08-15 10:00:07
3798,193,2,2418.416748,NA,2006-08-15 10:00:07
3798,193,1,2418.500081,NA,2006-08-15 12:00:06
3798,193,2,2418.500081,NA,2006-08-15 12:00:06
3798,193,1,2418.583414,NA,2006-08-15 14:00:06
3798,193,2,2418.583414,NA,2006-08-15 14:00:06
3798,193,1,2418.66647,NA,2006-08-15 15:59:43
3798,193,2,2418.66647,NA,2006-08-15 15:59:43
3798,193,1,2418.750081,NA,2006-08-15 18:00:06
3798,193,2,2418.750081,NA,2006-08-15 18:00:06
3798,193,1,2418.833414,NA,2006-08-15 20:00:06
3798,193,2,2418.833414,NA,2006-08-15 20:00:06
3798,193,1,2418.916748,NA,2006-08-15 22:00:07
3798,193,2,2418.916748,NA,2006-08-15 22:00:07
3798,193,1,2419.000081,NA,2006-08-16 00:00:06
3798,193,2,2419.000081,NA,2006-08-16 00:00:06
3798,193,1,2419.083414,NA,2006-08-16 02:00:06
3798,193,2,2419.083414,NA,2006-08-16 02:00:06
3798,193,1,2419.166748,NA,2006-08-16 04:00:07
3798,193,2,2419.166748,NA,2006-08-16 04:00:07
3798,193,1,2419.250081,NA,2006-08-16 06:00:06
3798,193,2,2419.250081,NA,2006-08-16 06:00:06
3798,193,1,2419.333137,NA,2006-08-16 07:59:43
3798,193,2,2419.333137,NA,2006-08-16 07:59:43
3798,193,1,2419.416748,NA,2006-08-16 10:00:07
3798,193,2,2419.416748,NA,2006-08-16 10:00:07
3798,193,1,2419.500081,NA,2006-08-16 12:00:06
3798,193,2,2419.500081,NA,2006-08-16 12:00:06
3798,193,1,2419.583414,NA,2006-08-16 14:00:06
3798,193,2,2419.583414,NA,2006-08-16 14:00:06
3798,193,1,2419.666748,NA,2006-08-16 16:00:07
3798,193,2,2419.666748,NA,2006-08-16 16:00:07
3798,193,1,2419.750081,NA,2006-08-16 18:00:06
3798,193,2,2419.750081,NA,2006-08-16 18:00:06
3798,193,1,2419.833414,NA,2006-08-16 20:00:06
3798,193,2,2419.833414,NA,2006-08-16 20:00:06
3798,193,1,2419.916748,NA,2006-08-16 22:00:07
3798,193,2,2419.916748,NA,2006-08-16 22:00:07
3798,193,1,2419.999803,NA,2006-08-16 23:59:42
3798,193,2,2419.999803,NA,2006-08-16 23:59:42
3798,193,1,2420.083414,NA,2006-08-17 02:00:06
3798,193,2,2420.083414,NA,2006-08-17 02:00:06
3798,193,1,2420.166748,NA,2006-08-17 04:00:07
3798,193,2,2420.166748,NA,2006-08-17 04:00:07
3798,193,1,2420.250081,NA,2006-08-17 06:00:06
3798,193,2,2420.250081,NA,2006-08-17 06:00:06
3798,193,1,2420.333414,NA,2006-08-17 08:00:06
3798,193,2,2420.333414,NA,2006-08-17 08:00:06
3798,193,1,2420.416748,NA,2006-08-17 10:00:07
3798,193,2,2420.416748,NA,2006-08-17 10:00:07
3798,193,1,2420.500081,NA,2006-08-17 12:00:06
3798,193,2,2420.500081,NA,2006-08-17 12:00:06
3798,193,1,2420.583414,NA,2006-08-17 14:00:06
3798,193,2,2420.583414,NA,2006-08-17 14:00:06
3798,193,1,2420.666481,NA,2006-08-17 15:59:43
3798,193,2,2420.666481,NA,2006-08-17 15:59:43
3798,193,1,2420.750081,NA,2006-08-17 18:00:06
3798,193,2,2420.750081,NA,2006-08-17 18:00:06
3798,193,1,2420.833414,NA,2006-08-17 20:00:06
3798,193,2,2420.833414,NA,2006-08-17 20:00:06
3798,193,1,2420.916748,NA,2006-08-17 22:00:07
3798,193,2,2420.916748,NA,2006-08-17 22:00:07
3798,193,1,2421.000081,NA,2006-08-18 00:00:06
3798,193,2,2421.000081,NA,2006-08-18 00:00:06
3798,193,1,2421.083414,NA,2006-08-18 02:00:06
3798,193,2,2421.083414,NA,2006-08-18 02:00:06
3798,193,1,2421.166748,NA,2006-08-18 04:00:07
3798,193,2,2421.166748,NA,2006-08-18 04:00:07
3798,193,1,2421.250081,NA,2006-08-18 06:00:06
3798,193,2,2421.250081,NA,2006-08-18 06:00:06
3798,193,1,2421.333137,NA,2006-08-18 07:59:43
3798,193,2,2421.333137,NA,2006-08-18 07:59:43
3798,193,1,2421.416898,NA,2006-08-18 10:00:19
3798,193,2,2421.416898,NA,2006-08-18 10:00:19
3798,193,1,2421.500081,NA,2006-08-18 12:00:06
3798,193,2,2421.500081,NA,2006-08-18 12:00:06
3798,192,1,2427.416748,NA,2006-08-24 10:00:07
3798,192,2,2427.416748,NA,2006-08-24 10:00:07
3798,195,1,2427.416748,NA,2006-08-24 10:00:07
3798,195,2,2427.416748,NA,2006-08-24 10:00:07
3798,192,1,2427.500081,NA,2006-08-24 12:00:06
3798,192,2,2427.500081,NA,2006-08-24 12:00:06
3798,195,1,2427.500081,NA,2006-08-24 12:00:06
3798,195,2,2427.500081,NA,2006-08-24 12:00:06
3798,192,1,2427.583414,17.6107,2006-08-24 14:00:06
3798,192,2,2427.583414,32.3405,2006-08-24 14:00:06
3798,195,1,2427.583414,NA,2006-08-24 14:00:06
3798,195,2,2427.583414,NA,2006-08-24 14:00:06
3798,195,1,2427.666563,NA,2006-08-24 15:59:51
3798,195,2,2427.666563,NA,2006-08-24 15:59:51
3798,192,1,2427.666748,NA,2006-08-24 16:00:07
3798,192,2,2427.666748,NA,2006-08-24 16:00:07
3798,192,1,2427.750081,17.2852,2006-08-24 18:00:06
3798,192,2,2427.750081,31.7708,2006-08-24 18:00:06
3798,195,1,2427.750081,NA,2006-08-24 18:00:06
3798,195,2,2427.750081,NA,2006-08-24 18:00:06
3798,192,1,2427.833414,17.9362,2006-08-24 20:00:06
3798,192,2,2427.833414,31.2826,2006-08-24 20:00:06
3798,195,1,2427.833414,NA,2006-08-24 20:00:06
3798,195,2,2427.833414,NA,2006-08-24 20:00:06
3798,192,1,2427.916748,NA,2006-08-24 22:00:07
3798,192,2,2427.916748,NA,2006-08-24 22:00:07
3798,195,1,2427.916748,NA,2006-08-24 22:00:07
3798,195,2,2427.916748,NA,2006-08-24 22:00:07
3798,192,1,2427.999803,18.2617,2006-08-24 23:59:42
3798,192,2,2427.999803,30.7129,2006-08-24 23:59:42
3798,195,1,2427.999803,NA,2006-08-24 23:59:42
3798,195,2,2427.999803,NA,2006-08-24 23:59:42
3798,192,1,2428.083414,18.2617,2006-08-25 02:00:06
3798,192,2,2428.083414,30.5501,2006-08-25 02:00:06
3798,195,1,2428.083414,NA,2006-08-25 02:00:06
3798,195,2,2428.083414,NA,2006-08-25 02:00:06
3798,192,1,2428.166748,NA,2006-08-25 04:00:07
3798,192,2,2428.166748,NA,2006-08-25 04:00:07
3798,195,1,2428.166748,NA,2006-08-25 04:00:07
3798,195,2,2428.166748,NA,2006-08-25 04:00:07
3798,192,1,2428.250081,NA,2006-08-25 06:00:06
3798,192,2,2428.250081,NA,2006-08-25 06:00:06
3798,195,1,2428.250081,NA,2006-08-25 06:00:06
3798,195,2,2428.250081,NA,2006-08-25 06:00:06
3798,192,1,2428.333414,NA,2006-08-25 08:00:06
3798,192,2,2428.333414,NA,2006-08-25 08:00:06
3798,195,1,2428.333414,NA,2006-08-25 08:00:06
3798,195,2,2428.333414,NA,2006-08-25 08:00:06
3798,192,1,2428.416748,NA,2006-08-25 10:00:07
3798,192,2,2428.416748,NA,2006-08-25 10:00:07
3798,195,1,2428.416748,NA,2006-08-25 10:00:07
3798,195,2,2428.416748,NA,2006-08-25 10:00:07
3798,192,1,2428.500081,16.7155,2006-08-25 12:00:06
3798,192,2,2428.500081,31.7708,2006-08-25 12:00:06
3798,195,1,2428.500081,NA,2006-08-25 12:00:06
3798,195,2,2428.500081,NA,2006-08-25 12:00:06
3798,192,1,2428.583414,16.5527,2006-08-25 14:00:06
3798,192,2,2428.583414,31.6895,2006-08-25 14:00:06
3798,195,1,2428.583414,NA,2006-08-25 14:00:06
3798,195,2,2428.583414,NA,2006-08-25 14:00:06
3798,195,1,2428.66647,NA,2006-08-25 15:59:43
3798,195,2,2428.66647,NA,2006-08-25 15:59:43
3798,192,1,2428.666609,NA,2006-08-25 15:59:55
3798,192,2,2428.666609,31.7708,2006-08-25 15:59:55
3798,192,1,2428.750081,17.2852,2006-08-25 18:00:06
3798,192,2,2428.750081,30.7943,2006-08-25 18:00:06
3798,195,1,2428.750081,NA,2006-08-25 18:00:06
3798,195,2,2428.750081,NA,2006-08-25 18:00:06
3798,192,1,2428.833229,18.0176,2006-08-25 19:59:50
3798,192,2,2428.833229,30.2246,2006-08-25 19:59:50
3798,195,1,2428.833414,NA,2006-08-25 20:00:06
3798,195,2,2428.833414,NA,2006-08-25 20:00:06
3798,192,1,2428.916748,NA,2006-08-25 22:00:07
3798,192,2,2428.916748,NA,2006-08-25 22:00:07
3798,195,1,2428.916748,NA,2006-08-25 22:00:07
3798,195,2,2428.916748,NA,2006-08-25 22:00:07
3798,192,1,2429.000081,NA,2006-08-26 00:00:06
3798,192,2,2429.000081,NA,2006-08-26 00:00:06
3798,195,1,2429.000081,NA,2006-08-26 00:00:06
3798,195,2,2429.000081,NA,2006-08-26 00:00:06
3798,192,1,2429.083414,18.4245,2006-08-26 02:00:06
3798,192,2,2429.083414,29.6549,2006-08-26 02:00:06
3798,195,1,2429.083414,NA,2006-08-26 02:00:06
3798,195,2,2429.083414,NA,2006-08-26 02:00:06
3798,192,1,2429.166748,NA,2006-08-26 04:00:07
3798,192,2,2429.166748,NA,2006-08-26 04:00:07
3798,195,1,2429.166748,NA,2006-08-26 04:00:07
3798,195,2,2429.166748,NA,2006-08-26 04:00:07
3798,192,1,2429.250081,NA,2006-08-26 06:00:06
3798,192,2,2429.250081,NA,2006-08-26 06:00:06
3798,195,1,2429.250081,NA,2006-08-26 06:00:06
3798,195,2,2429.250081,NA,2006-08-26 06:00:06
3798,192,1,2429.333137,NA,2006-08-26 07:59:43
3798,192,2,2429.333137,NA,2006-08-26 07:59:43
3798,195,1,2429.333137,NA,2006-08-26 07:59:43
3798,195,2,2429.333137,NA,2006-08-26 07:59:43
3798,192,1,2429.416748,NA,2006-08-26 10:00:07
3798,192,2,2429.416748,NA,2006-08-26 10:00:07
3798,195,1,2429.416748,NA,2006-08-26 10:00:07
3798,195,2,2429.416748,NA,2006-08-26 10:00:07
3798,192,1,2429.500081,NA,2006-08-26 12:00:06
3798,192,2,2429.500081,NA,2006-08-26 12:00:06
3798,195,1,2429.500081,NA,2006-08-26 12:00:06
3798,195,2,2429.500081,NA,2006-08-26 12:00:06
3798,192,1,2429.583414,17.1224,2006-08-26 14:00:06
3798,192,2,2429.583414,31.3639,2006-08-26 14:00:06
3798,195,1,2429.583414,NA,2006-08-26 14:00:06
3798,195,2,2429.583414,NA,2006-08-26 14:00:06
3798,192,1,2429.666748,17.7734,2006-08-26 16:00:07
3798,192,2,2429.666748,31.0384,2006-08-26 16:00:07
3798,195,1,2429.666748,NA,2006-08-26 16:00:07
3798,195,2,2429.666748,NA,2006-08-26 16:00:07
3798,192,1,2429.750081,18.9128,2006-08-26 18:00:06
3798,192,2,2429.750081,31.0384,2006-08-26 18:00:06
3798,195,1,2429.750081,NA,2006-08-26 18:00:06
3798,195,2,2429.750081,NA,2006-08-26 18:00:06
3798,192,1,2429.833414,20.2148,2006-08-26 20:00:06
3798,192,2,2429.833414,30.4688,2006-08-26 20:00:06
3798,195,1,2429.833414,NA,2006-08-26 20:00:06
3798,195,2,2429.833414,NA,2006-08-26 20:00:06
3798,192,1,2429.916748,20.7845,2006-08-26 22:00:07
3798,192,2,2429.916748,29.9805,2006-08-26 22:00:07
3798,195,1,2429.916748,NA,2006-08-26 22:00:07
3798,195,2,2429.916748,NA,2006-08-26 22:00:07
3798,192,1,2429.999803,NA,2006-08-26 23:59:42
3798,192,2,2429.999803,NA,2006-08-26 23:59:42
3798,195,1,2429.999803,NA,2006-08-26 23:59:42
3798,195,2,2429.999803,NA,2006-08-26 23:59:42
3798,192,1,2430.083414,20.7031,2006-08-27 02:00:06
3798,192,2,2430.083414,29.4922,2006-08-27 02:00:06
3798,195,1,2430.083414,NA,2006-08-27 02:00:06
3798,195,2,2430.083414,NA,2006-08-27 02:00:06
3798,192,1,2430.166748,NA,2006-08-27 04:00:07
3798,192,2,2430.166748,NA,2006-08-27 04:00:07
3798,195,1,2430.166748,NA,2006-08-27 04:00:07
3798,195,2,2430.166748,NA,2006-08-27 04:00:07
3798,192,1,2430.250081,NA,2006-08-27 06:00:06
3798,192,2,2430.250081,NA,2006-08-27 06:00:06
3798,195,1,2430.250081,NA,2006-08-27 06:00:06
3798,195,2,2430.250081,NA,2006-08-27 06:00:06
3798,192,1,2430.333414,20.6217,2006-08-27 08:00:06
3798,192,2,2430.333414,30.1432,2006-08-27 08:00:06
3798,195,1,2430.333414,NA,2006-08-27 08:00:06
3798,195,2,2430.333414,NA,2006-08-27 08:00:06
3798,192,1,2430.416748,NA,2006-08-27 10:00:07
3798,192,2,2430.416748,NA,2006-08-27 10:00:07
3798,195,1,2430.416748,NA,2006-08-27 10:00:07
3798,195,2,2430.416748,NA,2006-08-27 10:00:07
3798,192,1,2430.500081,20.459,2006-08-27 12:00:06
3798,192,2,2430.500081,31.4453,2006-08-27 12:00:06
3798,195,1,2430.500081,NA,2006-08-27 12:00:06
3798,195,2,2430.500081,NA,2006-08-27 12:00:06
3798,192,1,2430.583414,20.5404,2006-08-27 14:00:06
3798,192,2,2430.583414,31.4453,2006-08-27 14:00:06
3798,195,1,2430.583414,NA,2006-08-27 14:00:06
3798,195,2,2430.583414,NA,2006-08-27 14:00:06
3798,192,1,2430.66647,NA,2006-08-27 15:59:43
3798,192,2,2430.66647,NA,2006-08-27 15:59:43
3798,192,1,2430.750081,20.8659,2006-08-27 18:00:06
3798,192,2,2430.750081,30.306,2006-08-27 18:00:06
3798,192,1,2430.833414,21.1914,2006-08-27 20:00:06
3798,192,2,2430.833414,29.8991,2006-08-27 20:00:06
3798,192,1,2430.916748,NA,2006-08-27 22:00:07
3798,192,2,2430.916748,NA,2006-08-27 22:00:07
3798,192,1,2431.000081,21.2728,2006-08-28 00:00:06
3798,192,2,2431.000081,29.4922,2006-08-28 00:00:06
3798,192,1,2431.083414,21.2728,2006-08-28 02:00:06
3798,192,2,2431.083414,29.4108,2006-08-28 02:00:06
3798,192,1,2431.166748,NA,2006-08-28 04:00:07
3798,192,2,2431.166748,NA,2006-08-28 04:00:07
3798,192,1,2431.250081,21.2728,2006-08-28 06:00:06
3798,192,2,2431.250081,29.3294,2006-08-28 06:00:06
3798,192,1,2431.333137,21.0286,2006-08-28 07:59:43
3798,192,2,2431.333137,29.7363,2006-08-28 07:59:43
3798,192,1,2431.416782,20.1335,2006-08-28 10:00:09
3798,192,2,2431.416782,30.6315,2006-08-28 10:00:09
3798,192,1,2431.500081,20.6217,2006-08-28 12:00:06
3798,192,2,2431.500081,31.2826,2006-08-28 12:00:06
3798,192,1,2431.583414,20.5404,2006-08-28 14:00:06
3798,192,2,2431.583414,31.5267,2006-08-28 14:00:06
3798,192,1,2431.666748,20.6217,2006-08-28 16:00:07
3798,192,2,2431.666748,31.5267,2006-08-28 16:00:07
3798,192,1,2431.750081,21.0286,2006-08-28 18:00:06
3798,192,2,2431.750081,30.3874,2006-08-28 18:00:06
3798,192,1,2431.833414,21.1914,2006-08-28 20:00:06
3798,192,2,2431.833414,30.0618,2006-08-28 20:00:06
3798,192,1,2431.916748,21.2728,2006-08-28 22:00:07
3798,192,2,2431.916748,29.248,2006-08-28 22:00:07
3798,192,1,2431.999803,21.2728,2006-08-28 23:59:42
3798,192,2,2431.999803,29.0853,2006-08-28 23:59:42
3798,192,1,2432.083414,21.3542,2006-08-29 02:00:06
3798,192,2,2432.083414,28.6784,2006-08-29 02:00:06
3798,192,1,2432.166748,21.3542,2006-08-29 04:00:07
3798,192,2,2432.166748,28.9225,2006-08-29 04:00:07
3798,192,1,2432.250081,21.2728,2006-08-29 06:00:06
3798,192,2,2432.250081,28.9225,2006-08-29 06:00:06
3798,192,1,2432.333414,21.0286,2006-08-29 08:00:06
3798,192,2,2432.333414,29.6549,2006-08-29 08:00:06
3798,192,1,2432.416748,20.7845,2006-08-29 10:00:07
3798,192,2,2432.416748,30.7129,2006-08-29 10:00:07
3798,192,1,2432.500081,20.6217,2006-08-29 12:00:06
3798,192,2,2432.500081,31.2012,2006-08-29 12:00:06
3798,192,1,2432.583414,20.6217,2006-08-29 14:00:06
3798,192,2,2432.583414,31.2826,2006-08-29 14:00:06
3798,192,1,2432.66647,20.459,2006-08-29 15:59:43
3798,192,2,2432.66647,31.3639,2006-08-29 15:59:43
3798,192,1,2432.750081,20.7845,2006-08-29 18:00:06
3798,192,2,2432.750081,30.0618,2006-08-29 18:00:06
3798,192,1,2432.833414,20.9473,2006-08-29 20:00:06
3798,192,2,2432.833414,29.0039,2006-08-29 20:00:06
3798,192,1,2432.916748,20.9473,2006-08-29 22:00:07
3798,192,2,2432.916748,29.248,2006-08-29 22:00:07
3798,192,1,2433.000081,21.7611,2006-08-30 00:00:06
3798,192,2,2433.000081,29.0853,2006-08-30 00:00:06
3798,192,1,2433.083229,21.9238,2006-08-30 01:59:50
3798,192,2,2433.083229,29.0853,2006-08-30 01:59:50
3798,192,1,2433.166563,21.9238,2006-08-30 03:59:51
3798,192,2,2433.166563,28.9225,2006-08-30 03:59:51
3798,192,1,2433.250081,21.8424,2006-08-30 06:00:06
3798,192,2,2433.250081,28.9225,2006-08-30 06:00:06
3798,192,1,2433.333137,21.7611,2006-08-30 07:59:43
3798,192,2,2433.333137,29.3294,2006-08-30 07:59:43
3798,192,1,2433.416748,21.4355,2006-08-30 10:00:07
3798,192,2,2433.416748,29.9805,2006-08-30 10:00:07
3798,192,1,2433.500081,21.5169,2006-08-30 12:00:06
3798,192,2,2433.500081,29.8177,2006-08-30 12:00:06
3798,192,1,2433.583414,21.5169,2006-08-30 14:00:06
3798,192,2,2433.583414,29.5736,2006-08-30 14:00:06
3798,192,1,2433.666748,21.7611,2006-08-30 16:00:07
3798,192,2,2433.666748,29.0039,2006-08-30 16:00:07
3798,192,1,2433.750081,21.7611,2006-08-30 18:00:06
3798,192,2,2433.750081,28.6784,2006-08-30 18:00:06
3798,192,1,2433.833414,28.3529,2006-08-30 20:00:06
3798,192,2,2433.833414,31.6895,2006-08-30 20:00:06
3798,192,1,2433.916748,26.237,2006-08-30 22:00:07
3798,192,2,2433.916748,32.7474,2006-08-30 22:00:07
3798,192,1,2433.999803,25.9928,2006-08-30 23:59:42
3798,192,2,2433.999803,32.7474,2006-08-30 23:59:42
3798,192,1,2434.083414,26.0742,2006-08-31 02:00:06
3798,192,2,2434.083414,32.9102,2006-08-31 02:00:06
3798,192,1,2434.166748,26.4811,2006-08-31 04:00:07
3798,192,2,2434.166748,33.0729,2006-08-31 04:00:07
3798,192,1,2434.250081,26.237,2006-08-31 06:00:06
3798,192,2,2434.250081,33.0729,2006-08-31 06:00:06
3798,192,1,2434.333414,26.3997,2006-08-31 08:00:06
3798,192,2,2434.333414,33.1543,2006-08-31 08:00:06
3798,192,1,2434.416748,26.4811,2006-08-31 10:00:07
3798,192,2,2434.416748,33.2357,2006-08-31 10:00:07
3798,192,1,2434.500081,26.9694,2006-08-31 12:00:06
3798,192,2,2434.500081,33.8053,2006-08-31 12:00:06
3798,192,1,2434.583414,31.6081,2006-08-31 14:00:06
3798,192,2,2434.583414,35.5957,2006-08-31 14:00:06
3798,192,1,2434.66647,31.0384,2006-08-31 15:59:43
3798,192,2,2434.66647,35.6771,2006-08-31 15:59:43
3798,192,1,2434.750081,NA,2006-08-31 18:00:06
3798,192,2,2434.750081,NA,2006-08-31 18:00:06
3798,192,1,2434.833414,NA,2006-08-31 20:00:06
3798,192,2,2434.833414,NA,2006-08-31 20:00:06
3798,192,1,2434.916748,32.8288,2006-08-31 22:00:07
3798,192,2,2434.916748,37.2233,2006-08-31 22:00:07
3798,192,1,2434.999896,35.2702,2006-08-31 23:59:51
3798,192,2,2434.999896,38.2813,2006-08-31 23:59:51
3798,192,1,2435.083414,NA,2006-09-01 02:00:06
3798,192,2,2435.083414,NA,2006-09-01 02:00:06
3798,192,1,2435.166748,35.6771,2006-09-01 04:00:07
3798,192,2,2435.166748,37.4674,2006-09-01 04:00:07
3798,192,1,2435.250081,NA,2006-09-01 06:00:06
3798,192,2,2435.250081,NA,2006-09-01 06:00:06
3798,192,1,2435.333137,NA,2006-09-01 07:59:43
3798,192,2,2435.333137,NA,2006-09-01 07:59:43
3798,192,1,2435.416748,35.5143,2006-09-01 10:00:07
3798,192,2,2435.416748,37.2233,2006-09-01 10:00:07
3798,192,1,2435.500081,36.2467,2006-09-01 12:00:06
3798,192,2,2435.500081,37.4674,2006-09-01 12:00:06
3798,192,1,2435.583414,NA,2006-09-01 14:00:06
3798,192,2,2435.583414,NA,2006-09-01 14:00:06
3798,192,1,2435.666563,36.4909,2006-09-01 15:59:51
3798,192,2,2435.666563,37.3861,2006-09-01 15:59:51
3798,192,1,2435.750081,NA,2006-09-01 18:00:06
3798,192,2,2435.750081,NA,2006-09-01 18:00:06
3798,192,1,2456.416748,45.5241,2006-09-22 10:00:07
3798,192,2,2456.416748,46.5007,2006-09-22 10:00:07
3798,192,1,2456.500081,45.0358,2006-09-22 12:00:06
3798,192,2,2456.500081,46.6634,2006-09-22 12:00:06
3798,192,1,2456.583414,44.5475,2006-09-22 14:00:06
3798,192,2,2456.583414,46.5007,2006-09-22 14:00:06
3798,192,1,2456.833414,44.6289,2006-09-22 20:00:06
3798,192,2,2456.833414,45.3613,2006-09-22 20:00:06
3798,192,1,2456.916748,44.5475,2006-09-22 22:00:07
3798,192,2,2456.916748,45.1986,2006-09-22 22:00:07
3798,192,1,2457.000081,44.5475,2006-09-23 00:00:06
3798,192,2,2457.000081,45.0358,2006-09-23 00:00:06
3798,192,1,2457.166748,44.3034,2006-09-23 04:00:07
3798,192,2,2457.166748,45.1172,2006-09-23 04:00:07
3798,192,1,2457.250081,44.3848,2006-09-23 06:00:06
3798,192,2,2457.250081,45.1172,2006-09-23 06:00:06
3798,192,1,2457.333137,44.1406,2006-09-23 07:59:43
3798,192,2,2457.333137,45.3613,2006-09-23 07:59:43
