,site,genus,species,event,year,doy,GDD0,GDD5,ChillDaysOND,plt
18035,niwot,Geum,rossii,bbd,1996.0,141.0,342.58792114257943,100.53447265624766,66.0,EP101E
18036,niwot,Geum,rossii,bbd,1996.0,141.0,342.58792114257943,100.53447265624766,66.0,EP101E
18037,niwot,Geum,rossii,bbd,1996.0,141.0,342.58792114257943,100.53447265624766,66.0,EP101E
18038,niwot,Geum,rossii,bbd,1996.0,142.0,353.4337097167985,106.38026123046672,66.0,EP101E
18039,niwot,Geum,rossii,bbd,1996.0,142.0,353.4337097167985,106.38026123046672,66.0,EP101E
18040,niwot,Bistorta,bistortoides,bbd,1996.0,141.0,342.58792114257943,100.53447265624766,66.0,EP101E
18041,niwot,Bistorta,bistortoides,bbd,1996.0,172.0,757.7236267089875,360.67017822265564,66.0,EP101E
18042,niwot,Bistorta,bistortoides,bbd,1996.0,155.0,514.632940673831,202.57949218749917,66.0,EP101E
18043,niwot,Bistorta,bistortoides,bbd,1996.0,141.0,342.58792114257943,100.53447265624766,66.0,EP101E
18044,niwot,Bistorta,bistortoides,bbd,1996.0,141.0,342.58792114257943,100.53447265624766,66.0,EP101E
18045,niwot,Geum,rossii,bbd,1996.0,142.0,353.4337097167985,106.38026123046672,66.0,EP101C
18046,niwot,Geum,rossii,bbd,1996.0,141.0,342.58792114257943,100.53447265624766,66.0,EP101C
18047,niwot,Geum,rossii,bbd,1996.0,142.0,353.4337097167985,106.38026123046672,66.0,EP101C
18048,niwot,Geum,rossii,bbd,1996.0,142.0,353.4337097167985,106.38026123046672,66.0,EP101C
18049,niwot,Geum,rossii,bbd,1996.0,142.0,353.4337097167985,106.38026123046672,66.0,EP101C
18050,niwot,Bistorta,bistortoides,bbd,1996.0,141.0,342.58792114257943,100.53447265624766,66.0,EP101C
18051,niwot,Bistorta,bistortoides,bbd,1996.0,142.0,353.4337097167985,106.38026123046672,66.0,EP101C
18052,niwot,Bistorta,bistortoides,bbd,1996.0,142.0,353.4337097167985,106.38026123046672,66.0,EP101C
18053,niwot,Bistorta,bistortoides,bbd,1996.0,155.0,514.632940673831,202.57949218749917,66.0,EP101C
18054,niwot,Bistorta,bistortoides,bbd,1996.0,173.0,772.2303649902375,370.17691650390566,66.0,EP101C
18055,niwot,Geum,rossii,bbd,1996.0,141.0,342.58792114257943,100.53447265624766,66.0,EP102E
18056,niwot,Geum,rossii,bbd,1996.0,141.0,342.58792114257943,100.53447265624766,66.0,EP102E
18057,niwot,Geum,rossii,bbd,1996.0,141.0,342.58792114257943,100.53447265624766,66.0,EP102E
18058,niwot,Geum,rossii,bbd,1996.0,141.0,342.58792114257943,100.53447265624766,66.0,EP102E
18059,niwot,Geum,rossii,bbd,1996.0,141.0,342.58792114257943,100.53447265624766,66.0,EP102E
18060,niwot,Bistorta,bistortoides,bbd,1996.0,155.0,514.632940673831,202.57949218749917,66.0,EP102E
18061,niwot,Bistorta,bistortoides,bbd,1996.0,141.0,342.58792114257943,100.53447265624766,66.0,EP102E
18062,niwot,Bistorta,bistortoides,bbd,1996.0,153.0,493.04161376953385,190.98816528320208,66.0,EP102E
18063,niwot,Bistorta,bistortoides,bbd,1996.0,140.0,330.8413146972674,93.78786621093565,66.0,EP102E
18064,niwot,Bistorta,bistortoides,bbd,1996.0,155.0,514.632940673831,202.57949218749917,66.0,EP102E
18065,niwot,Geum,rossii,bbd,1996.0,140.0,330.8413146972674,93.78786621093565,66.0,EP102C
18066,niwot,Geum,rossii,bbd,1996.0,140.0,330.8413146972674,93.78786621093565,66.0,EP102C
18067,niwot,Geum,rossii,bbd,1996.0,141.0,342.58792114257943,100.53447265624766,66.0,EP102C
18068,niwot,Geum,rossii,bbd,1996.0,141.0,342.58792114257943,100.53447265624766,66.0,EP102C
18069,niwot,Geum,rossii,bbd,1996.0,141.0,342.58792114257943,100.53447265624766,66.0,EP102C
18070,niwot,Bistorta,bistortoides,bbd,1996.0,141.0,342.58792114257943,100.53447265624766,66.0,EP102C
18071,niwot,Bistorta,bistortoides,bbd,1996.0,141.0,342.58792114257943,100.53447265624766,66.0,EP102C
18072,niwot,Bistorta,bistortoides,bbd,1996.0,141.0,342.58792114257943,100.53447265624766,66.0,EP102C
18073,niwot,Bistorta,bistortoides,bbd,1996.0,155.0,514.632940673831,202.57949218749917,66.0,EP102C
18074,niwot,Bistorta,bistortoides,bbd,1996.0,141.0,342.58792114257943,100.53447265624766,66.0,EP102C
18075,niwot,Geum,rossii,bbd,1996.0,141.0,342.58792114257943,100.53447265624766,66.0,EP103E
18076,niwot,Geum,rossii,bbd,1996.0,141.0,342.58792114257943,100.53447265624766,66.0,EP103E
18077,niwot,Geum,rossii,bbd,1996.0,141.0,342.58792114257943,100.53447265624766,66.0,EP103E
18078,niwot,Geum,rossii,bbd,1996.0,141.0,342.58792114257943,100.53447265624766,66.0,EP103E
18079,niwot,Geum,rossii,bbd,1996.0,141.0,342.58792114257943,100.53447265624766,66.0,EP103E
18080,niwot,Bistorta,bistortoides,bbd,1996.0,141.0,342.58792114257943,100.53447265624766,66.0,EP103E
18081,niwot,Bistorta,bistortoides,bbd,1996.0,155.0,514.632940673831,202.57949218749917,66.0,EP103E
18082,niwot,Bistorta,bistortoides,bbd,1996.0,155.0,514.632940673831,202.57949218749917,66.0,EP103E
18083,niwot,Bistorta,bistortoides,bbd,1996.0,155.0,514.632940673831,202.57949218749917,66.0,EP103E
18084,niwot,Bistorta,bistortoides,bbd,1996.0,155.0,514.632940673831,202.57949218749917,66.0,EP103E
18085,niwot,Geum,rossii,bbd,1996.0,141.0,342.58792114257943,100.53447265624766,66.0,EP103C
18086,niwot,Geum,rossii,bbd,1996.0,141.0,342.58792114257943,100.53447265624766,66.0,EP103C
18087,niwot,Geum,rossii,bbd,1996.0,140.0,330.8413146972674,93.78786621093565,66.0,EP103C
18088,niwot,Geum,rossii,bbd,1996.0,141.0,342.58792114257943,100.53447265624766,66.0,EP103C
18089,niwot,Geum,rossii,bbd,1996.0,140.0,330.8413146972674,93.78786621093565,66.0,EP103C
18090,niwot,Bistorta,bistortoides,bbd,1996.0,141.0,342.58792114257943,100.53447265624766,66.0,EP103C
18091,niwot,Bistorta,bistortoides,bbd,1996.0,141.0,342.58792114257943,100.53447265624766,66.0,EP103C
18092,niwot,Bistorta,bistortoides,bbd,1996.0,155.0,514.632940673831,202.57949218749917,66.0,EP103C
18093,niwot,Bistorta,bistortoides,bbd,1996.0,141.0,342.58792114257943,100.53447265624766,66.0,EP103C
18094,niwot,Bistorta,bistortoides,bbd,1996.0,141.0,342.58792114257943,100.53447265624766,66.0,EP103C
18095,niwot,Geum,rossii,bbd,1996.0,142.0,353.4337097167985,106.38026123046672,66.0,EP251E
18096,niwot,Geum,rossii,bbd,1996.0,141.0,342.58792114257943,100.53447265624766,66.0,EP251E
18097,niwot,Geum,rossii,bbd,1996.0,142.0,353.4337097167985,106.38026123046672,66.0,EP251E
18098,niwot,Geum,rossii,bbd,1996.0,141.0,342.58792114257943,100.53447265624766,66.0,EP251E
18099,niwot,Geum,rossii,bbd,1996.0,141.0,342.58792114257943,100.53447265624766,66.0,EP251E
18100,niwot,Bistorta,bistortoides,bbd,1996.0,155.0,514.632940673831,202.57949218749917,66.0,EP251E
18101,niwot,Bistorta,bistortoides,bbd,1996.0,142.0,353.4337097167985,106.38026123046672,66.0,EP251E
18102,niwot,Bistorta,bistortoides,bbd,1996.0,142.0,353.4337097167985,106.38026123046672,66.0,EP251E
18103,niwot,Bistorta,bistortoides,bbd,1996.0,155.0,514.632940673831,202.57949218749917,66.0,EP251E
18104,niwot,Bistorta,bistortoides,bbd,1996.0,141.0,342.58792114257943,100.53447265624766,66.0,EP251E
18105,niwot,Geum,rossii,bbd,1996.0,141.0,342.58792114257943,100.53447265624766,66.0,EP251C
18106,niwot,Geum,rossii,bbd,1996.0,141.0,342.58792114257943,100.53447265624766,66.0,EP251C
18107,niwot,Geum,rossii,bbd,1996.0,141.0,342.58792114257943,100.53447265624766,66.0,EP251C
18108,niwot,Geum,rossii,bbd,1996.0,142.0,353.4337097167985,106.38026123046672,66.0,EP251C
18109,niwot,Geum,rossii,bbd,1996.0,142.0,353.4337097167985,106.38026123046672,66.0,EP251C
18110,niwot,Bistorta,bistortoides,bbd,1996.0,142.0,353.4337097167985,106.38026123046672,66.0,EP251C
18111,niwot,Bistorta,bistortoides,bbd,1996.0,142.0,353.4337097167985,106.38026123046672,66.0,EP251C
18112,niwot,Bistorta,bistortoides,bbd,1996.0,142.0,353.4337097167985,106.38026123046672,66.0,EP251C
18113,niwot,Bistorta,bistortoides,bbd,1996.0,142.0,353.4337097167985,106.38026123046672,66.0,EP251C
18114,niwot,Bistorta,bistortoides,bbd,1996.0,142.0,353.4337097167985,106.38026123046672,66.0,EP251C
18115,niwot,Geum,rossii,bbd,1996.0,141.0,342.58792114257943,100.53447265624766,66.0,EP252E
18116,niwot,Geum,rossii,bbd,1996.0,142.0,353.4337097167985,106.38026123046672,66.0,EP252E
18117,niwot,Geum,rossii,bbd,1996.0,142.0,353.4337097167985,106.38026123046672,66.0,EP252E
18118,niwot,Geum,rossii,bbd,1996.0,142.0,353.4337097167985,106.38026123046672,66.0,EP252E
18119,niwot,Geum,rossii,bbd,1996.0,155.0,514.632940673831,202.57949218749917,66.0,EP252E
18120,niwot,Bistorta,bistortoides,bbd,1996.0,155.0,514.632940673831,202.57949218749917,66.0,EP252E
18121,niwot,Bistorta,bistortoides,bbd,1996.0,142.0,353.4337097167985,106.38026123046672,66.0,EP252E
18122,niwot,Bistorta,bistortoides,bbd,1996.0,142.0,353.4337097167985,106.38026123046672,66.0,EP252E
18123,niwot,Bistorta,bistortoides,bbd,1996.0,141.0,342.58792114257943,100.53447265624766,66.0,EP252E
18124,niwot,Bistorta,bistortoides,bbd,1996.0,142.0,353.4337097167985,106.38026123046672,66.0,EP252E
18125,niwot,Geum,rossii,bbd,1996.0,142.0,353.4337097167985,106.38026123046672,66.0,EP252C
18126,niwot,Geum,rossii,bbd,1996.0,141.0,342.58792114257943,100.53447265624766,66.0,EP252C
18127,niwot,Geum,rossii,bbd,1996.0,142.0,353.4337097167985,106.38026123046672,66.0,EP252C
18128,niwot,Geum,rossii,bbd,1996.0,141.0,342.58792114257943,100.53447265624766,66.0,EP252C
18129,niwot,Geum,rossii,bbd,1996.0,141.0,342.58792114257943,100.53447265624766,66.0,EP252C
18130,niwot,Bistorta,bistortoides,bbd,1996.0,142.0,353.4337097167985,106.38026123046672,66.0,EP252C
18131,niwot,Bistorta,bistortoides,bbd,1996.0,142.0,353.4337097167985,106.38026123046672,66.0,EP252C
18132,niwot,Bistorta,bistortoides,bbd,1996.0,155.0,514.632940673831,202.57949218749917,66.0,EP252C
18133,niwot,Bistorta,bistortoides,bbd,1996.0,155.0,514.632940673831,202.57949218749917,66.0,EP252C
18134,niwot,Bistorta,bistortoides,bbd,1996.0,155.0,514.632940673831,202.57949218749917,66.0,EP252C
18135,niwot,Geum,rossii,bbd,1996.0,155.0,514.632940673831,202.57949218749917,66.0,EP253E
18136,niwot,Geum,rossii,bbd,1996.0,142.0,353.4337097167985,106.38026123046672,66.0,EP253E
18137,niwot,Geum,rossii,bbd,1996.0,155.0,514.632940673831,202.57949218749917,66.0,EP253E
18138,niwot,Geum,rossii,bbd,1996.0,155.0,514.632940673831,202.57949218749917,66.0,EP253E
18139,niwot,Geum,rossii,bbd,1996.0,142.0,353.4337097167985,106.38026123046672,66.0,EP253E
18140,niwot,Bistorta,bistortoides,bbd,1996.0,155.0,514.632940673831,202.57949218749917,66.0,EP253E
18141,niwot,Bistorta,bistortoides,bbd,1996.0,155.0,514.632940673831,202.57949218749917,66.0,EP253E
18142,niwot,Bistorta,bistortoides,bbd,1996.0,141.0,342.58792114257943,100.53447265624766,66.0,EP253E
18143,niwot,Bistorta,bistortoides,bbd,1996.0,141.0,342.58792114257943,100.53447265624766,66.0,EP253E
18144,niwot,Bistorta,bistortoides,bbd,1996.0,141.0,342.58792114257943,100.53447265624766,66.0,EP253E
18145,niwot,Geum,rossii,bbd,1996.0,155.0,514.632940673831,202.57949218749917,66.0,EP253C
18146,niwot,Geum,rossii,bbd,1996.0,142.0,353.4337097167985,106.38026123046672,66.0,EP253C
18147,niwot,Geum,rossii,bbd,1996.0,142.0,353.4337097167985,106.38026123046672,66.0,EP253C
18148,niwot,Geum,rossii,bbd,1996.0,141.0,342.58792114257943,100.53447265624766,66.0,EP253C
18149,niwot,Geum,rossii,bbd,1996.0,141.0,342.58792114257943,100.53447265624766,66.0,EP253C
18150,niwot,Bistorta,bistortoides,bbd,1996.0,155.0,514.632940673831,202.57949218749917,66.0,EP253C
18151,niwot,Bistorta,bistortoides,bbd,1996.0,142.0,353.4337097167985,106.38026123046672,66.0,EP253C
18152,niwot,Bistorta,bistortoides,bbd,1996.0,155.0,514.632940673831,202.57949218749917,66.0,EP253C
18153,niwot,Bistorta,bistortoides,bbd,1996.0,141.0,342.58792114257943,100.53447265624766,66.0,EP253C
18154,niwot,Bistorta,bistortoides,bbd,1996.0,141.0,342.58792114257943,100.53447265624766,66.0,EP253C
18155,niwot,Geum,rossii,bbd,1996.0,142.0,353.4337097167985,106.38026123046672,66.0,EP451E
18156,niwot,Geum,rossii,bbd,1996.0,141.0,342.58792114257943,100.53447265624766,66.0,EP451E
18157,niwot,Geum,rossii,bbd,1996.0,140.0,330.8413146972674,93.78786621093565,66.0,EP451E
18158,niwot,Geum,rossii,bbd,1996.0,141.0,342.58792114257943,100.53447265624766,66.0,EP451E
18159,niwot,Geum,rossii,bbd,1996.0,141.0,342.58792114257943,100.53447265624766,66.0,EP451E
18160,niwot,Bistorta,bistortoides,bbd,1996.0,139.0,319.8141601562514,87.7607116699196,66.0,EP451E
18161,niwot,Bistorta,bistortoides,bbd,1996.0,141.0,342.58792114257943,100.53447265624766,66.0,EP451E
18162,niwot,Bistorta,bistortoides,bbd,1996.0,140.0,330.8413146972674,93.78786621093565,66.0,EP451E
18163,niwot,Bistorta,bistortoides,bbd,1996.0,140.0,330.8413146972674,93.78786621093565,66.0,EP451E
18164,niwot,Bistorta,bistortoides,bbd,1996.0,141.0,342.58792114257943,100.53447265624766,66.0,EP451E
18165,niwot,Geum,rossii,bbd,1996.0,140.0,330.8413146972674,93.78786621093565,66.0,EP451C
18166,niwot,Geum,rossii,bbd,1996.0,140.0,330.8413146972674,93.78786621093565,66.0,EP451C
18167,niwot,Geum,rossii,bbd,1996.0,140.0,330.8413146972674,93.78786621093565,66.0,EP451C
18168,niwot,Geum,rossii,bbd,1996.0,141.0,342.58792114257943,100.53447265624766,66.0,EP451C
18169,niwot,Geum,rossii,bbd,1996.0,142.0,353.4337097167985,106.38026123046672,66.0,EP451C
18170,niwot,Bistorta,bistortoides,bbd,1996.0,155.0,514.632940673831,202.57949218749917,66.0,EP451C
18171,niwot,Bistorta,bistortoides,bbd,1996.0,140.0,330.8413146972674,93.78786621093565,66.0,EP451C
18172,niwot,Bistorta,bistortoides,bbd,1996.0,140.0,330.8413146972674,93.78786621093565,66.0,EP451C
18173,niwot,Bistorta,bistortoides,bbd,1996.0,140.0,330.8413146972674,93.78786621093565,66.0,EP451C
18174,niwot,Bistorta,bistortoides,bbd,1996.0,141.0,342.58792114257943,100.53447265624766,66.0,EP451C
18175,niwot,Geum,rossii,bbd,1996.0,140.0,330.8413146972674,93.78786621093565,66.0,EP452E
18176,niwot,Geum,rossii,bbd,1996.0,140.0,330.8413146972674,93.78786621093565,66.0,EP452E
18177,niwot,Geum,rossii,bbd,1996.0,140.0,330.8413146972674,93.78786621093565,66.0,EP452E
18178,niwot,Geum,rossii,bbd,1996.0,140.0,330.8413146972674,93.78786621093565,66.0,EP452E
18179,niwot,Geum,rossii,bbd,1996.0,141.0,342.58792114257943,100.53447265624766,66.0,EP452E
18180,niwot,Bistorta,bistortoides,bbd,1996.0,142.0,353.4337097167985,106.38026123046672,66.0,EP452E
18181,niwot,Bistorta,bistortoides,bbd,1996.0,141.0,342.58792114257943,100.53447265624766,66.0,EP452E
18182,niwot,Bistorta,bistortoides,bbd,1996.0,141.0,342.58792114257943,100.53447265624766,66.0,EP452E
18183,niwot,Bistorta,bistortoides,bbd,1996.0,155.0,514.632940673831,202.57949218749917,66.0,EP452E
18184,niwot,Bistorta,bistortoides,bbd,1996.0,141.0,342.58792114257943,100.53447265624766,66.0,EP452E
18185,niwot,Geum,rossii,bbd,1996.0,141.0,342.58792114257943,100.53447265624766,66.0,EP452C
18186,niwot,Geum,rossii,bbd,1996.0,141.0,342.58792114257943,100.53447265624766,66.0,EP452C
18187,niwot,Geum,rossii,bbd,1996.0,141.0,342.58792114257943,100.53447265624766,66.0,EP452C
18188,niwot,Geum,rossii,bbd,1996.0,140.0,330.8413146972674,93.78786621093565,66.0,EP452C
18189,niwot,Geum,rossii,bbd,1996.0,141.0,342.58792114257943,100.53447265624766,66.0,EP452C
18190,niwot,Bistorta,bistortoides,bbd,1996.0,141.0,342.58792114257943,100.53447265624766,66.0,EP452C
18191,niwot,Bistorta,bistortoides,bbd,1996.0,141.0,342.58792114257943,100.53447265624766,66.0,EP452C
18192,niwot,Bistorta,bistortoides,bbd,1996.0,141.0,342.58792114257943,100.53447265624766,66.0,EP452C
18193,niwot,Bistorta,bistortoides,bbd,1996.0,155.0,514.632940673831,202.57949218749917,66.0,EP452C
18194,niwot,Bistorta,bistortoides,bbd,1996.0,141.0,342.58792114257943,100.53447265624766,66.0,EP452C
18195,niwot,Geum,rossii,bbd,1996.0,141.0,342.58792114257943,100.53447265624766,66.0,EP453E
18196,niwot,Geum,rossii,bbd,1996.0,141.0,342.58792114257943,100.53447265624766,66.0,EP453E
18197,niwot,Geum,rossii,bbd,1996.0,141.0,342.58792114257943,100.53447265624766,66.0,EP453E
18198,niwot,Geum,rossii,bbd,1996.0,140.0,330.8413146972674,93.78786621093565,66.0,EP453E
18199,niwot,Geum,rossii,bbd,1996.0,140.0,330.8413146972674,93.78786621093565,66.0,EP453E
18200,niwot,Bistorta,bistortoides,bbd,1996.0,172.0,757.7236267089875,360.67017822265564,66.0,EP453E
18201,niwot,Bistorta,bistortoides,bbd,1996.0,172.0,757.7236267089875,360.67017822265564,66.0,EP453E
18202,niwot,Bistorta,bistortoides,bbd,1996.0,155.0,514.632940673831,202.57949218749917,66.0,EP453E
18203,niwot,Bistorta,bistortoides,bbd,1996.0,172.0,757.7236267089875,360.67017822265564,66.0,EP453E
18204,niwot,Bistorta,bistortoides,bbd,1996.0,172.0,757.7236267089875,360.67017822265564,66.0,EP453E
18205,niwot,Geum,rossii,bbd,1996.0,140.0,330.8413146972674,93.78786621093565,66.0,EP453C
18206,niwot,Geum,rossii,bbd,1996.0,140.0,330.8413146972674,93.78786621093565,66.0,EP453C
18207,niwot,Geum,rossii,bbd,1996.0,140.0,330.8413146972674,93.78786621093565,66.0,EP453C
18208,niwot,Geum,rossii,bbd,1996.0,141.0,342.58792114257943,100.53447265624766,66.0,EP453C
18209,niwot,Geum,rossii,bbd,1996.0,140.0,330.8413146972674,93.78786621093565,66.0,EP453C
18210,niwot,Bistorta,bistortoides,bbd,1996.0,140.0,330.8413146972674,93.78786621093565,66.0,EP453C
18211,niwot,Bistorta,bistortoides,bbd,1996.0,140.0,330.8413146972674,93.78786621093565,66.0,EP453C
18212,niwot,Bistorta,bistortoides,bbd,1996.0,155.0,514.632940673831,202.57949218749917,66.0,EP453C
18213,niwot,Bistorta,bistortoides,bbd,1996.0,140.0,330.8413146972674,93.78786621093565,66.0,EP453C
18214,niwot,Bistorta,bistortoides,bbd,1996.0,140.0,330.8413146972674,93.78786621093565,66.0,EP453C
18215,niwot,Geum,rossii,bbd,1996.0,155.0,514.632940673831,202.57949218749917,66.0,EP751E
18216,niwot,Geum,rossii,bbd,1996.0,142.0,353.4337097167985,106.38026123046672,66.0,EP751E
18217,niwot,Geum,rossii,bbd,1996.0,155.0,514.632940673831,202.57949218749917,66.0,EP751E
18218,niwot,Geum,rossii,bbd,1996.0,142.0,353.4337097167985,106.38026123046672,66.0,EP751E
18219,niwot,Geum,rossii,bbd,1996.0,142.0,353.4337097167985,106.38026123046672,66.0,EP751E
18220,niwot,Bistorta,bistortoides,bbd,1996.0,142.0,353.4337097167985,106.38026123046672,66.0,EP751E
18221,niwot,Bistorta,bistortoides,bbd,1996.0,155.0,514.632940673831,202.57949218749917,66.0,EP751E
18222,niwot,Bistorta,bistortoides,bbd,1996.0,142.0,353.4337097167985,106.38026123046672,66.0,EP751E
18223,niwot,Bistorta,bistortoides,bbd,1996.0,155.0,514.632940673831,202.57949218749917,66.0,EP751E
18224,niwot,Bistorta,bistortoides,bbd,1996.0,156.0,528.8422546386751,211.78880615234323,66.0,EP751E
18225,niwot,Geum,rossii,bbd,1996.0,142.0,353.4337097167985,106.38026123046672,66.0,EP751C
18226,niwot,Geum,rossii,bbd,1996.0,142.0,353.4337097167985,106.38026123046672,66.0,EP751C
18227,niwot,Geum,rossii,bbd,1996.0,142.0,353.4337097167985,106.38026123046672,66.0,EP751C
18228,niwot,Geum,rossii,bbd,1996.0,142.0,353.4337097167985,106.38026123046672,66.0,EP751C
18229,niwot,Geum,rossii,bbd,1996.0,142.0,353.4337097167985,106.38026123046672,66.0,EP751C
18230,niwot,Bistorta,bistortoides,bbd,1996.0,142.0,353.4337097167985,106.38026123046672,66.0,EP751C
18231,niwot,Bistorta,bistortoides,bbd,1996.0,142.0,353.4337097167985,106.38026123046672,66.0,EP751C
18232,niwot,Bistorta,bistortoides,bbd,1996.0,142.0,353.4337097167985,106.38026123046672,66.0,EP751C
18233,niwot,Bistorta,bistortoides,bbd,1996.0,142.0,353.4337097167985,106.38026123046672,66.0,EP751C
18234,niwot,Bistorta,bistortoides,bbd,1996.0,142.0,353.4337097167985,106.38026123046672,66.0,EP751C
18235,niwot,Geum,rossii,bbd,1996.0,140.0,330.8413146972674,93.78786621093565,66.0,EP752E
18236,niwot,Geum,rossii,bbd,1996.0,140.0,330.8413146972674,93.78786621093565,66.0,EP752E
18237,niwot,Geum,rossii,bbd,1996.0,140.0,330.8413146972674,93.78786621093565,66.0,EP752E
18238,niwot,Geum,rossii,bbd,1996.0,140.0,330.8413146972674,93.78786621093565,66.0,EP752E
18239,niwot,Geum,rossii,bbd,1996.0,140.0,330.8413146972674,93.78786621093565,66.0,EP752E
18240,niwot,Bistorta,bistortoides,bbd,1996.0,155.0,514.632940673831,202.57949218749917,66.0,EP752E
18241,niwot,Bistorta,bistortoides,bbd,1996.0,183.0,938.9594604492215,486.9060119628899,66.0,EP752E
18242,niwot,Bistorta,bistortoides,bbd,1996.0,155.0,514.632940673831,202.57949218749917,66.0,EP752E
18243,niwot,Bistorta,bistortoides,bbd,1996.0,183.0,938.9594604492215,486.9060119628899,66.0,EP752E
18244,niwot,Bistorta,bistortoides,bbd,1996.0,155.0,514.632940673831,202.57949218749917,66.0,EP752E
18245,niwot,Geum,rossii,bbd,1996.0,140.0,330.8413146972674,93.78786621093565,66.0,EP752C
18246,niwot,Geum,rossii,bbd,1996.0,140.0,330.8413146972674,93.78786621093565,66.0,EP752C
18247,niwot,Geum,rossii,bbd,1996.0,140.0,330.8413146972674,93.78786621093565,66.0,EP752C
18248,niwot,Geum,rossii,bbd,1996.0,140.0,330.8413146972674,93.78786621093565,66.0,EP752C
18249,niwot,Geum,rossii,bbd,1996.0,140.0,330.8413146972674,93.78786621093565,66.0,EP752C
18250,niwot,Bistorta,bistortoides,bbd,1996.0,183.0,938.9594604492215,486.9060119628899,66.0,EP752C
18251,niwot,Bistorta,bistortoides,bbd,1996.0,155.0,514.632940673831,202.57949218749917,66.0,EP752C
18252,niwot,Bistorta,bistortoides,bbd,1996.0,155.0,514.632940673831,202.57949218749917,66.0,EP752C
18253,niwot,Bistorta,bistortoides,bbd,1996.0,140.0,330.8413146972674,93.78786621093565,66.0,EP752C
18254,niwot,Bistorta,bistortoides,bbd,1996.0,155.0,514.632940673831,202.57949218749917,66.0,EP752C
18255,niwot,Geum,rossii,bbd,1996.0,140.0,330.8413146972674,93.78786621093565,66.0,EP753E
18256,niwot,Geum,rossii,bbd,1996.0,140.0,330.8413146972674,93.78786621093565,66.0,EP753E
18257,niwot,Geum,rossii,bbd,1996.0,140.0,330.8413146972674,93.78786621093565,66.0,EP753E
18258,niwot,Geum,rossii,bbd,1996.0,140.0,330.8413146972674,93.78786621093565,66.0,EP753E
18259,niwot,Geum,rossii,bbd,1996.0,140.0,330.8413146972674,93.78786621093565,66.0,EP753E
18260,niwot,Bistorta,bistortoides,bbd,1996.0,155.0,514.632940673831,202.57949218749917,66.0,EP753E
18261,niwot,Bistorta,bistortoides,bbd,1996.0,142.0,353.4337097167985,106.38026123046672,66.0,EP753E
18262,niwot,Bistorta,bistortoides,bbd,1996.0,183.0,938.9594604492215,486.9060119628899,66.0,EP753E
18263,niwot,Bistorta,bistortoides,bbd,1996.0,155.0,514.632940673831,202.57949218749917,66.0,EP753E
18264,niwot,Bistorta,bistortoides,bbd,1996.0,155.0,514.632940673831,202.57949218749917,66.0,EP753E
18265,niwot,Geum,rossii,bbd,1996.0,140.0,330.8413146972674,93.78786621093565,66.0,EP753C
18266,niwot,Geum,rossii,bbd,1996.0,141.0,342.58792114257943,100.53447265624766,66.0,EP753C
18267,niwot,Geum,rossii,bbd,1996.0,140.0,330.8413146972674,93.78786621093565,66.0,EP753C
18268,niwot,Geum,rossii,bbd,1996.0,141.0,342.58792114257943,100.53447265624766,66.0,EP753C
18269,niwot,Geum,rossii,bbd,1996.0,140.0,330.8413146972674,93.78786621093565,66.0,EP753C
18270,niwot,Bistorta,bistortoides,bbd,1996.0,142.0,353.4337097167985,106.38026123046672,66.0,EP753C
18271,niwot,Bistorta,bistortoides,bbd,1996.0,155.0,514.632940673831,202.57949218749917,66.0,EP753C
18272,niwot,Bistorta,bistortoides,bbd,1996.0,142.0,353.4337097167985,106.38026123046672,66.0,EP753C
18273,niwot,Bistorta,bistortoides,bbd,1996.0,155.0,514.632940673831,202.57949218749917,66.0,EP753C
18274,niwot,Bistorta,bistortoides,bbd,1996.0,183.0,938.9594604492215,486.9060119628899,66.0,EP753C
18275,niwot,Geum,rossii,bbd,1994.0,175.0,884.3045654296936,477.9345336914086,76.0,101C
18276,niwot,Geum,rossii,bbd,1994.0,175.0,884.3045654296936,477.9345336914086,76.0,102C
18277,niwot,Geum,rossii,bbd,1994.0,175.0,884.3045654296936,477.9345336914086,76.0,104C
18278,niwot,Geum,rossii,bbd,1994.0,175.0,884.3045654296936,477.9345336914086,76.0,104C
18279,niwot,Geum,rossii,bbd,1994.0,175.0,884.3045654296936,477.9345336914086,76.0,104C
18280,niwot,Geum,rossii,bbd,1994.0,175.0,884.3045654296936,477.9345336914086,76.0,104C
18281,niwot,Geum,rossii,bbd,1994.0,175.0,884.3045654296936,477.9345336914086,76.0,105C
18282,niwot,Geum,rossii,bbd,1994.0,175.0,884.3045654296936,477.9345336914086,76.0,105C
18283,niwot,Geum,rossii,bbd,1994.0,172.0,834.6571228027394,443.2870910644545,76.0,253C
18284,niwot,Geum,rossii,bbd,1994.0,172.0,834.6571228027394,443.2870910644545,76.0,253C
18285,niwot,Bistorta,bistortoides,bbd,1994.0,172.0,834.6571228027394,443.2870910644545,76.0,253C
18286,niwot,Geum,rossii,bbd,1994.0,175.0,884.3045654296936,477.9345336914086,76.0,251C
18287,niwot,Geum,rossii,bbd,1994.0,175.0,884.3045654296936,477.9345336914086,76.0,251C
18288,niwot,Bistorta,bistortoides,bbd,1994.0,175.0,884.3045654296936,477.9345336914086,76.0,251C
18289,niwot,Bistorta,bistortoides,bbd,1994.0,158.0,608.5064514160202,287.1364196777351,76.0,453C
18290,niwot,Bistorta,bistortoides,bbd,1994.0,158.0,608.5064514160202,287.1364196777351,76.0,454C
18291,niwot,Bistorta,bistortoides,bbd,1994.0,158.0,608.5064514160202,287.1364196777351,76.0,454C
18292,niwot,Bistorta,bistortoides,bbd,1994.0,158.0,608.5064514160202,287.1364196777351,76.0,454C
18293,niwot,Bistorta,bistortoides,bbd,1994.0,158.0,608.5064514160202,287.1364196777351,76.0,454C
18294,niwot,Bistorta,bistortoides,bbd,1994.0,158.0,608.5064514160202,287.1364196777351,76.0,454C
18295,niwot,Bistorta,bistortoides,bbd,1994.0,158.0,608.5064514160202,287.1364196777351,76.0,455C
18296,niwot,Bistorta,bistortoides,bbd,1994.0,158.0,608.5064514160202,287.1364196777351,76.0,455C
18297,niwot,Bistorta,bistortoides,bbd,1994.0,158.0,608.5064514160202,287.1364196777351,76.0,455C
18298,niwot,Geum,rossii,bbd,1995.0,210.0,1160.8813964843828,611.5791076660201,70.0,101C
18299,niwot,Geum,rossii,bbd,1995.0,219.0,1319.7727600097733,725.4704711914105,70.0,101C
18300,niwot,Geum,rossii,bbd,1995.0,207.0,1107.251898193367,572.9496093750042,70.0,101C
18301,niwot,Bistorta,bistortoides,bbd,1995.0,206.0,1089.9537780761789,560.6514892578161,70.0,101C
18302,niwot,Bistorta,bistortoides,bbd,1995.0,206.0,1089.9537780761789,560.6514892578161,70.0,101C
18303,niwot,Bistorta,bistortoides,bbd,1995.0,183.0,714.4392089843823,300.1369201660196,70.0,101C
18304,niwot,Bistorta,bistortoides,bbd,1995.0,209.0,1143.0582519531329,598.7559631347701,70.0,101C
18305,niwot,Geum,rossii,bbd,1995.0,207.0,1107.251898193367,572.9496093750042,70.0,102C
18306,niwot,Geum,rossii,bbd,1995.0,207.0,1107.251898193367,572.9496093750042,70.0,102C
18307,niwot,Geum,rossii,bbd,1995.0,208.0,1125.8828430175859,586.5805541992231,70.0,102C
18308,niwot,Geum,rossii,bbd,1995.0,207.0,1107.251898193367,572.9496093750042,70.0,102C
18309,niwot,Geum,rossii,bbd,1995.0,207.0,1107.251898193367,572.9496093750042,70.0,102C
18310,niwot,Bistorta,bistortoides,bbd,1995.0,205.0,1072.9793884277408,548.677099609378,70.0,102C
18311,niwot,Bistorta,bistortoides,bbd,1995.0,205.0,1072.9793884277408,548.677099609378,70.0,102C
18312,niwot,Bistorta,bistortoides,bbd,1995.0,205.0,1072.9793884277408,548.677099609378,70.0,102C
18313,niwot,Bistorta,bistortoides,bbd,1995.0,205.0,1072.9793884277408,548.677099609378,70.0,102C
18314,niwot,Bistorta,bistortoides,bbd,1995.0,206.0,1089.9537780761789,560.6514892578161,70.0,102C
18315,niwot,Geum,rossii,bbd,1995.0,211.0,1181.9123046875077,627.6100158691452,70.0,103C
18316,niwot,Geum,rossii,bbd,1995.0,210.0,1160.8813964843828,611.5791076660201,70.0,103C
18317,niwot,Geum,rossii,bbd,1995.0,208.0,1125.8828430175859,586.5805541992231,70.0,103C
18318,niwot,Geum,rossii,bbd,1995.0,207.0,1107.251898193367,572.9496093750042,70.0,103C
18319,niwot,Geum,rossii,bbd,1995.0,208.0,1125.8828430175859,586.5805541992231,70.0,103C
18320,niwot,Bistorta,bistortoides,bbd,1995.0,207.0,1107.251898193367,572.9496093750042,70.0,103C
18321,niwot,Bistorta,bistortoides,bbd,1995.0,207.0,1107.251898193367,572.9496093750042,70.0,103C
18322,niwot,Bistorta,bistortoides,bbd,1995.0,206.0,1089.9537780761789,560.6514892578161,70.0,103C
18323,niwot,Bistorta,bistortoides,bbd,1995.0,205.0,1072.9793884277408,548.677099609378,70.0,103C
18324,niwot,Geum,rossii,bbd,1995.0,210.0,1160.8813964843828,611.5791076660201,70.0,104C
18325,niwot,Geum,rossii,bbd,1995.0,207.0,1107.251898193367,572.9496093750042,70.0,104C
18326,niwot,Geum,rossii,bbd,1995.0,209.0,1143.0582519531329,598.7559631347701,70.0,104C
18327,niwot,Geum,rossii,bbd,1995.0,210.0,1160.8813964843828,611.5791076660201,70.0,104C
18328,niwot,Geum,rossii,bbd,1995.0,206.0,1089.9537780761789,560.6514892578161,70.0,104C
18329,niwot,Bistorta,bistortoides,bbd,1995.0,206.0,1089.9537780761789,560.6514892578161,70.0,104C
18330,niwot,Bistorta,bistortoides,bbd,1995.0,206.0,1089.9537780761789,560.6514892578161,70.0,104C
18331,niwot,Bistorta,bistortoides,bbd,1995.0,206.0,1089.9537780761789,560.6514892578161,70.0,104C
18332,niwot,Bistorta,bistortoides,bbd,1995.0,207.0,1107.251898193367,572.9496093750042,70.0,104C
18333,niwot,Bistorta,bistortoides,bbd,1995.0,206.0,1089.9537780761789,560.6514892578161,70.0,104C
18334,niwot,Geum,rossii,bbd,1995.0,206.0,1089.9537780761789,560.6514892578161,70.0,105C
18335,niwot,Geum,rossii,bbd,1995.0,207.0,1107.251898193367,572.9496093750042,70.0,105C
18336,niwot,Geum,rossii,bbd,1995.0,206.0,1089.9537780761789,560.6514892578161,70.0,105C
18337,niwot,Geum,rossii,bbd,1995.0,207.0,1107.251898193367,572.9496093750042,70.0,105C
18338,niwot,Geum,rossii,bbd,1995.0,206.0,1089.9537780761789,560.6514892578161,70.0,105C
18339,niwot,Bistorta,bistortoides,bbd,1995.0,206.0,1089.9537780761789,560.6514892578161,70.0,105C
18340,niwot,Bistorta,bistortoides,bbd,1995.0,212.0,1197.9372619628987,638.6349731445362,70.0,105C
18341,niwot,Bistorta,bistortoides,bbd,1995.0,206.0,1089.9537780761789,560.6514892578161,70.0,105C
18342,niwot,Bistorta,bistortoides,bbd,1995.0,219.0,1319.7727600097733,725.4704711914105,70.0,105C
18343,niwot,Geum,rossii,bbd,1995.0,205.0,1072.9793884277408,548.677099609378,70.0,255C
18344,niwot,Geum,rossii,bbd,1995.0,205.0,1072.9793884277408,548.677099609378,70.0,255C
18345,niwot,Geum,rossii,bbd,1995.0,205.0,1072.9793884277408,548.677099609378,70.0,255C
18346,niwot,Geum,rossii,bbd,1995.0,205.0,1072.9793884277408,548.677099609378,70.0,255C
18347,niwot,Geum,rossii,bbd,1995.0,205.0,1072.9793884277408,548.677099609378,70.0,255C
18348,niwot,Bistorta,bistortoides,bbd,1995.0,205.0,1072.9793884277408,548.677099609378,70.0,255C
18349,niwot,Bistorta,bistortoides,bbd,1995.0,205.0,1072.9793884277408,548.677099609378,70.0,255C
18350,niwot,Bistorta,bistortoides,bbd,1995.0,205.0,1072.9793884277408,548.677099609378,70.0,255C
18351,niwot,Bistorta,bistortoides,bbd,1995.0,205.0,1072.9793884277408,548.677099609378,70.0,255C
18352,niwot,Bistorta,bistortoides,bbd,1995.0,205.0,1072.9793884277408,548.677099609378,70.0,255C
18353,niwot,Geum,rossii,bbd,1995.0,205.0,1072.9793884277408,548.677099609378,70.0,254C
18354,niwot,Geum,rossii,bbd,1995.0,205.0,1072.9793884277408,548.677099609378,70.0,254C
18355,niwot,Geum,rossii,bbd,1995.0,205.0,1072.9793884277408,548.677099609378,70.0,254C
18356,niwot,Geum,rossii,bbd,1995.0,205.0,1072.9793884277408,548.677099609378,70.0,254C
18357,niwot,Geum,rossii,bbd,1995.0,205.0,1072.9793884277408,548.677099609378,70.0,254C
18358,niwot,Bistorta,bistortoides,bbd,1995.0,205.0,1072.9793884277408,548.677099609378,70.0,254C
18359,niwot,Bistorta,bistortoides,bbd,1995.0,205.0,1072.9793884277408,548.677099609378,70.0,254C
18360,niwot,Bistorta,bistortoides,bbd,1995.0,205.0,1072.9793884277408,548.677099609378,70.0,254C
18361,niwot,Bistorta,bistortoides,bbd,1995.0,205.0,1072.9793884277408,548.677099609378,70.0,254C
18362,niwot,Bistorta,bistortoides,bbd,1995.0,205.0,1072.9793884277408,548.677099609378,70.0,254C
18363,niwot,Geum,rossii,bbd,1995.0,205.0,1072.9793884277408,548.677099609378,70.0,253C
18364,niwot,Geum,rossii,bbd,1995.0,205.0,1072.9793884277408,548.677099609378,70.0,253C
18365,niwot,Geum,rossii,bbd,1995.0,205.0,1072.9793884277408,548.677099609378,70.0,253C
18366,niwot,Geum,rossii,bbd,1995.0,205.0,1072.9793884277408,548.677099609378,70.0,253C
18367,niwot,Geum,rossii,bbd,1995.0,205.0,1072.9793884277408,548.677099609378,70.0,253C
18368,niwot,Bistorta,bistortoides,bbd,1995.0,205.0,1072.9793884277408,548.677099609378,70.0,253C
18369,niwot,Bistorta,bistortoides,bbd,1995.0,205.0,1072.9793884277408,548.677099609378,70.0,253C
18370,niwot,Bistorta,bistortoides,bbd,1995.0,205.0,1072.9793884277408,548.677099609378,70.0,253C
18371,niwot,Bistorta,bistortoides,bbd,1995.0,205.0,1072.9793884277408,548.677099609378,70.0,253C
18372,niwot,Bistorta,bistortoides,bbd,1995.0,205.0,1072.9793884277408,548.677099609378,70.0,253C
18373,niwot,Geum,rossii,bbd,1995.0,205.0,1072.9793884277408,548.677099609378,70.0,252C
18374,niwot,Geum,rossii,bbd,1995.0,205.0,1072.9793884277408,548.677099609378,70.0,252C
18375,niwot,Geum,rossii,bbd,1995.0,205.0,1072.9793884277408,548.677099609378,70.0,252C
18376,niwot,Geum,rossii,bbd,1995.0,205.0,1072.9793884277408,548.677099609378,70.0,252C
18377,niwot,Geum,rossii,bbd,1995.0,205.0,1072.9793884277408,548.677099609378,70.0,252C
18378,niwot,Bistorta,bistortoides,bbd,1995.0,205.0,1072.9793884277408,548.677099609378,70.0,252C
18379,niwot,Bistorta,bistortoides,bbd,1995.0,205.0,1072.9793884277408,548.677099609378,70.0,252C
18380,niwot,Bistorta,bistortoides,bbd,1995.0,205.0,1072.9793884277408,548.677099609378,70.0,252C
18381,niwot,Bistorta,bistortoides,bbd,1995.0,205.0,1072.9793884277408,548.677099609378,70.0,252C
18382,niwot,Bistorta,bistortoides,bbd,1995.0,205.0,1072.9793884277408,548.677099609378,70.0,252C
18383,niwot,Geum,rossii,bbd,1995.0,205.0,1072.9793884277408,548.677099609378,70.0,251C
18384,niwot,Geum,rossii,bbd,1995.0,205.0,1072.9793884277408,548.677099609378,70.0,251C
18385,niwot,Geum,rossii,bbd,1995.0,205.0,1072.9793884277408,548.677099609378,70.0,251C
18386,niwot,Geum,rossii,bbd,1995.0,205.0,1072.9793884277408,548.677099609378,70.0,251C
18387,niwot,Geum,rossii,bbd,1995.0,205.0,1072.9793884277408,548.677099609378,70.0,251C
18388,niwot,Bistorta,bistortoides,bbd,1995.0,205.0,1072.9793884277408,548.677099609378,70.0,251C
18389,niwot,Bistorta,bistortoides,bbd,1995.0,205.0,1072.9793884277408,548.677099609378,70.0,251C
18390,niwot,Bistorta,bistortoides,bbd,1995.0,205.0,1072.9793884277408,548.677099609378,70.0,251C
18391,niwot,Bistorta,bistortoides,bbd,1995.0,205.0,1072.9793884277408,548.677099609378,70.0,251C
18392,niwot,Bistorta,bistortoides,bbd,1995.0,205.0,1072.9793884277408,548.677099609378,70.0,251C
18393,niwot,Geum,rossii,bbd,1995.0,182.0,700.1251586914132,290.82286987305054,70.0,451C
18394,niwot,Geum,rossii,bbd,1995.0,182.0,700.1251586914132,290.82286987305054,70.0,451C
18395,niwot,Geum,rossii,bbd,1995.0,184.0,731.1695800781323,311.8672912597696,70.0,451C
18396,niwot,Geum,rossii,bbd,1995.0,181.0,685.3211486816471,281.0188598632845,70.0,451C
18397,niwot,Geum,rossii,bbd,1995.0,182.0,700.1251586914132,290.82286987305054,70.0,451C
18398,niwot,Bistorta,bistortoides,bbd,1995.0,182.0,700.1251586914132,290.82286987305054,70.0,451C
18399,niwot,Bistorta,bistortoides,bbd,1995.0,181.0,685.3211486816471,281.0188598632845,70.0,451C
18400,niwot,Bistorta,bistortoides,bbd,1995.0,181.0,685.3211486816471,281.0188598632845,70.0,451C
18401,niwot,Bistorta,bistortoides,bbd,1995.0,182.0,700.1251586914132,290.82286987305054,70.0,451C
18402,niwot,Bistorta,bistortoides,bbd,1995.0,183.0,714.4392089843823,300.1369201660196,70.0,451C
18403,niwot,Geum,rossii,bbd,1995.0,187.0,777.3041442871163,343.0018554687536,70.0,452C
18404,niwot,Geum,rossii,bbd,1995.0,187.0,777.3041442871163,343.0018554687536,70.0,452C
18405,niwot,Geum,rossii,bbd,1995.0,188.0,794.6415710449282,355.3392822265656,70.0,452C
18406,niwot,Geum,rossii,bbd,1995.0,188.0,794.6415710449282,355.3392822265656,70.0,452C
18407,niwot,Geum,rossii,bbd,1995.0,188.0,794.6415710449282,355.3392822265656,70.0,452C
18408,niwot,Bistorta,bistortoides,bbd,1995.0,187.0,777.3041442871163,343.0018554687536,70.0,452C
18409,niwot,Bistorta,bistortoides,bbd,1995.0,188.0,794.6415710449282,355.3392822265656,70.0,452C
18410,niwot,Bistorta,bistortoides,bbd,1995.0,187.0,777.3041442871163,343.0018554687536,70.0,452C
18411,niwot,Bistorta,bistortoides,bbd,1995.0,188.0,794.6415710449282,355.3392822265656,70.0,452C
18412,niwot,Bistorta,bistortoides,bbd,1995.0,188.0,794.6415710449282,355.3392822265656,70.0,452C
18413,niwot,Geum,rossii,bbd,1995.0,193.0,880.2906494140684,415.9883605957057,70.0,453C
18414,niwot,Geum,rossii,bbd,1995.0,193.0,880.2906494140684,415.9883605957057,70.0,453C
18415,niwot,Geum,rossii,bbd,1995.0,203.0,1041.0833740234439,526.7810852050811,70.0,453C
18416,niwot,Geum,rossii,bbd,1995.0,212.0,1197.9372619628987,638.6349731445362,70.0,453C
18417,niwot,Geum,rossii,bbd,1995.0,193.0,880.2906494140684,415.9883605957057,70.0,453C
18418,niwot,Bistorta,bistortoides,bbd,1995.0,193.0,880.2906494140684,415.9883605957057,70.0,453C
18419,niwot,Bistorta,bistortoides,bbd,1995.0,193.0,880.2906494140684,415.9883605957057,70.0,453C
18420,niwot,Bistorta,bistortoides,bbd,1995.0,193.0,880.2906494140684,415.9883605957057,70.0,453C
18421,niwot,Bistorta,bistortoides,bbd,1995.0,193.0,880.2906494140684,415.9883605957057,70.0,453C
18422,niwot,Bistorta,bistortoides,bbd,1995.0,193.0,880.2906494140684,415.9883605957057,70.0,453C
18423,niwot,Geum,rossii,bbd,1995.0,194.0,896.8839660644594,427.5816772460967,70.0,454C
18424,niwot,Geum,rossii,bbd,1995.0,193.0,880.2906494140684,415.9883605957057,70.0,454C
18425,niwot,Geum,rossii,bbd,1995.0,219.0,1319.7727600097733,725.4704711914105,70.0,454C
18426,niwot,Geum,rossii,bbd,1995.0,194.0,896.8839660644594,427.5816772460967,70.0,454C
18427,niwot,Geum,rossii,bbd,1995.0,194.0,896.8839660644594,427.5816772460967,70.0,454C
18428,niwot,Bistorta,bistortoides,bbd,1995.0,194.0,896.8839660644594,427.5816772460967,70.0,454C
18429,niwot,Bistorta,bistortoides,bbd,1995.0,194.0,896.8839660644594,427.5816772460967,70.0,454C
18430,niwot,Bistorta,bistortoides,bbd,1995.0,193.0,880.2906494140684,415.9883605957057,70.0,454C
18431,niwot,Bistorta,bistortoides,bbd,1995.0,194.0,896.8839660644594,427.5816772460967,70.0,454C
18432,niwot,Bistorta,bistortoides,bbd,1995.0,193.0,880.2906494140684,415.9883605957057,70.0,454C
18433,niwot,Geum,rossii,bbd,1995.0,191.0,845.3197753906314,391.0174865722687,70.0,455C
18434,niwot,Geum,rossii,bbd,1995.0,191.0,845.3197753906314,391.0174865722687,70.0,455C
18435,niwot,Geum,rossii,bbd,1995.0,191.0,845.3197753906314,391.0174865722687,70.0,455C
18436,niwot,Geum,rossii,bbd,1995.0,191.0,845.3197753906314,391.0174865722687,70.0,455C
18437,niwot,Geum,rossii,bbd,1995.0,191.0,845.3197753906314,391.0174865722687,70.0,455C
18438,niwot,Bistorta,bistortoides,bbd,1995.0,191.0,845.3197753906314,391.0174865722687,70.0,455C
18439,niwot,Bistorta,bistortoides,bbd,1995.0,191.0,845.3197753906314,391.0174865722687,70.0,455C
18440,niwot,Bistorta,bistortoides,bbd,1995.0,191.0,845.3197753906314,391.0174865722687,70.0,455C
18441,niwot,Bistorta,bistortoides,bbd,1995.0,191.0,845.3197753906314,391.0174865722687,70.0,455C
18442,niwot,Geum,rossii,bbd,1995.0,172.0,566.5589660644612,207.25667724609838,70.0,755C
18443,niwot,Geum,rossii,bbd,1995.0,172.0,566.5589660644612,207.25667724609838,70.0,755C
18444,niwot,Geum,rossii,bbd,1995.0,172.0,566.5589660644612,207.25667724609838,70.0,755C
18445,niwot,Geum,rossii,bbd,1995.0,177.0,630.6523803711,246.35009155273735,70.0,755C
18446,niwot,Geum,rossii,bbd,1995.0,172.0,566.5589660644612,207.25667724609838,70.0,755C
18447,niwot,Bistorta,bistortoides,bbd,1995.0,181.0,685.3211486816471,281.0188598632845,70.0,755C
18448,niwot,Bistorta,bistortoides,bbd,1995.0,181.0,685.3211486816471,281.0188598632845,70.0,755C
18449,niwot,Bistorta,bistortoides,bbd,1995.0,171.0,552.143902587899,197.84161376953637,70.0,755C
18450,niwot,Bistorta,bistortoides,bbd,1995.0,180.0,670.865679931647,271.56339111328447,70.0,755C
18451,niwot,Bistorta,bistortoides,bbd,1995.0,182.0,700.1251586914132,290.82286987305054,70.0,755C
18452,niwot,Geum,rossii,bbd,1995.0,176.0,618.848217773444,239.54592895508137,70.0,754C
18453,niwot,Geum,rossii,bbd,1995.0,176.0,618.848217773444,239.54592895508137,70.0,754C
18454,niwot,Geum,rossii,bbd,1995.0,176.0,618.848217773444,239.54592895508137,70.0,754C
18455,niwot,Geum,rossii,bbd,1995.0,177.0,630.6523803711,246.35009155273735,70.0,754C
18456,niwot,Geum,rossii,bbd,1995.0,177.0,630.6523803711,246.35009155273735,70.0,754C
18457,niwot,Bistorta,bistortoides,bbd,1995.0,180.0,670.865679931647,271.56339111328447,70.0,754C
18458,niwot,Bistorta,bistortoides,bbd,1995.0,173.0,583.0262145996171,218.72392578125437,70.0,754C
18459,niwot,Bistorta,bistortoides,bbd,1995.0,173.0,583.0262145996171,218.72392578125437,70.0,754C
18460,niwot,Bistorta,bistortoides,bbd,1995.0,172.0,566.5589660644612,207.25667724609838,70.0,754C
18461,niwot,Bistorta,bistortoides,bbd,1995.0,173.0,583.0262145996171,218.72392578125437,70.0,754C
18462,niwot,Geum,rossii,bbd,1995.0,172.0,566.5589660644612,207.25667724609838,70.0,753C
18463,niwot,Geum,rossii,bbd,1995.0,177.0,630.6523803711,246.35009155273735,70.0,753C
18464,niwot,Geum,rossii,bbd,1995.0,178.0,645.178192138678,255.8759033203154,70.0,753C
18465,niwot,Geum,rossii,bbd,1995.0,177.0,630.6523803711,246.35009155273735,70.0,753C
18466,niwot,Geum,rossii,bbd,1995.0,178.0,645.178192138678,255.8759033203154,70.0,753C
18467,niwot,Bistorta,bistortoides,bbd,1995.0,172.0,566.5589660644612,207.25667724609838,70.0,753C
18468,niwot,Bistorta,bistortoides,bbd,1995.0,172.0,566.5589660644612,207.25667724609838,70.0,753C
18469,niwot,Bistorta,bistortoides,bbd,1995.0,177.0,630.6523803711,246.35009155273735,70.0,753C
18470,niwot,Bistorta,bistortoides,bbd,1995.0,172.0,566.5589660644612,207.25667724609838,70.0,753C
18471,niwot,Bistorta,bistortoides,bbd,1995.0,178.0,645.178192138678,255.8759033203154,70.0,753C
18472,niwot,Geum,rossii,bbd,1995.0,170.0,538.3114807128991,189.00919189453634,70.0,752C
18473,niwot,Geum,rossii,bbd,1995.0,170.0,538.3114807128991,189.00919189453634,70.0,752C
18474,niwot,Geum,rossii,bbd,1995.0,170.0,538.3114807128991,189.00919189453634,70.0,752C
18475,niwot,Geum,rossii,bbd,1995.0,172.0,566.5589660644612,207.25667724609838,70.0,752C
18476,niwot,Geum,rossii,bbd,1995.0,170.0,538.3114807128991,189.00919189453634,70.0,752C
18477,niwot,Bistorta,bistortoides,bbd,1995.0,173.0,583.0262145996171,218.72392578125437,70.0,752C
18478,niwot,Bistorta,bistortoides,bbd,1995.0,170.0,538.3114807128991,189.00919189453634,70.0,752C
18479,niwot,Bistorta,bistortoides,bbd,1995.0,170.0,538.3114807128991,189.00919189453634,70.0,752C
18480,niwot,Bistorta,bistortoides,bbd,1995.0,170.0,538.3114807128991,189.00919189453634,70.0,752C
18481,niwot,Bistorta,bistortoides,bbd,1995.0,172.0,566.5589660644612,207.25667724609838,70.0,752C
18482,niwot,Geum,rossii,bbd,1995.0,170.0,538.3114807128991,189.00919189453634,70.0,751C
18483,niwot,Geum,rossii,bbd,1995.0,170.0,538.3114807128991,189.00919189453634,70.0,751C
18484,niwot,Geum,rossii,bbd,1995.0,170.0,538.3114807128991,189.00919189453634,70.0,751C
18485,niwot,Geum,rossii,bbd,1995.0,172.0,566.5589660644612,207.25667724609838,70.0,751C
18486,niwot,Geum,rossii,bbd,1995.0,172.0,566.5589660644612,207.25667724609838,70.0,751C
18487,niwot,Bistorta,bistortoides,bbd,1995.0,173.0,583.0262145996171,218.72392578125437,70.0,751C
18488,niwot,Bistorta,bistortoides,bbd,1995.0,172.0,566.5589660644612,207.25667724609838,70.0,751C
18489,niwot,Bistorta,bistortoides,bbd,1995.0,173.0,583.0262145996171,218.72392578125437,70.0,751C
18490,niwot,Bistorta,bistortoides,bbd,1995.0,172.0,566.5589660644612,207.25667724609838,70.0,751C
18491,niwot,Bistorta,bistortoides,bbd,1995.0,173.0,583.0262145996171,218.72392578125437,70.0,751C
18492,niwot,Geum,rossii,bbd,1996.0,184.0,957.4348876953156,500.381439208984,66.0,101C
18493,niwot,Geum,rossii,bbd,1996.0,198.0,1212.8586303710958,685.8051818847644,66.0,101C
18494,niwot,Geum,rossii,bbd,1996.0,184.0,957.4348876953156,500.381439208984,66.0,101C
18495,niwot,Geum,rossii,bbd,1996.0,184.0,957.4348876953156,500.381439208984,66.0,101C
18496,niwot,Bistorta,bistortoides,bbd,1996.0,184.0,957.4348876953156,500.381439208984,66.0,101C
18497,niwot,Bistorta,bistortoides,bbd,1996.0,184.0,957.4348876953156,500.381439208984,66.0,101C
18498,niwot,Bistorta,bistortoides,bbd,1996.0,184.0,957.4348876953156,500.381439208984,66.0,101C
18499,niwot,Geum,rossii,bbd,1996.0,184.0,957.4348876953156,500.381439208984,66.0,102C
18500,niwot,Geum,rossii,bbd,1996.0,184.0,957.4348876953156,500.381439208984,66.0,102C
18501,niwot,Geum,rossii,bbd,1996.0,184.0,957.4348876953156,500.381439208984,66.0,102C
18502,niwot,Bistorta,bistortoides,bbd,1996.0,184.0,957.4348876953156,500.381439208984,66.0,102C
18503,niwot,Bistorta,bistortoides,bbd,1996.0,183.0,938.9594604492215,486.9060119628899,66.0,102C
18504,niwot,Bistorta,bistortoides,bbd,1996.0,183.0,938.9594604492215,486.9060119628899,66.0,102C
18505,niwot,Geum,rossii,bbd,1996.0,184.0,957.4348876953156,500.381439208984,66.0,103C
18506,niwot,Geum,rossii,bbd,1996.0,184.0,957.4348876953156,500.381439208984,66.0,103C
18507,niwot,Geum,rossii,bbd,1996.0,184.0,957.4348876953156,500.381439208984,66.0,103C
18508,niwot,Geum,rossii,bbd,1996.0,184.0,957.4348876953156,500.381439208984,66.0,103C
18509,niwot,Geum,rossii,bbd,1996.0,184.0,957.4348876953156,500.381439208984,66.0,103C
18510,niwot,Bistorta,bistortoides,bbd,1996.0,184.0,957.4348876953156,500.381439208984,66.0,103C
18511,niwot,Bistorta,bistortoides,bbd,1996.0,183.0,938.9594604492215,486.9060119628899,66.0,103C
18512,niwot,Bistorta,bistortoides,bbd,1996.0,184.0,957.4348876953156,500.381439208984,66.0,103C
18513,niwot,Bistorta,bistortoides,bbd,1996.0,184.0,957.4348876953156,500.381439208984,66.0,103C
18514,niwot,Bistorta,bistortoides,bbd,1996.0,184.0,957.4348876953156,500.381439208984,66.0,103C
18515,niwot,Geum,rossii,bbd,1996.0,183.0,938.9594604492215,486.9060119628899,66.0,104C
18516,niwot,Geum,rossii,bbd,1996.0,183.0,938.9594604492215,486.9060119628899,66.0,104C
18517,niwot,Geum,rossii,bbd,1996.0,183.0,938.9594604492215,486.9060119628899,66.0,104C
18518,niwot,Geum,rossii,bbd,1996.0,183.0,938.9594604492215,486.9060119628899,66.0,104C
18519,niwot,Geum,rossii,bbd,1996.0,183.0,938.9594604492215,486.9060119628899,66.0,104C
18520,niwot,Bistorta,bistortoides,bbd,1996.0,183.0,938.9594604492215,486.9060119628899,66.0,104C
18521,niwot,Bistorta,bistortoides,bbd,1996.0,181.0,900.9194335937536,458.8659851074219,66.0,104C
18522,niwot,Bistorta,bistortoides,bbd,1996.0,183.0,938.9594604492215,486.9060119628899,66.0,104C
18523,niwot,Bistorta,bistortoides,bbd,1996.0,183.0,938.9594604492215,486.9060119628899,66.0,104C
18524,niwot,Bistorta,bistortoides,bbd,1996.0,181.0,900.9194335937536,458.8659851074219,66.0,104C
18525,niwot,Geum,rossii,bbd,1996.0,184.0,957.4348876953156,500.381439208984,66.0,105C
18526,niwot,Geum,rossii,bbd,1996.0,183.0,938.9594604492215,486.9060119628899,66.0,105C
18527,niwot,Geum,rossii,bbd,1996.0,183.0,938.9594604492215,486.9060119628899,66.0,105C
18528,niwot,Geum,rossii,bbd,1996.0,184.0,957.4348876953156,500.381439208984,66.0,105C
18529,niwot,Geum,rossii,bbd,1996.0,183.0,938.9594604492215,486.9060119628899,66.0,105C
18530,niwot,Bistorta,bistortoides,bbd,1996.0,184.0,957.4348876953156,500.381439208984,66.0,105C
18531,niwot,Bistorta,bistortoides,bbd,1996.0,201.0,1261.5899353027357,719.5364868164042,66.0,105C
18532,niwot,Bistorta,bistortoides,bbd,1996.0,183.0,938.9594604492215,486.9060119628899,66.0,105C
18533,niwot,Bistorta,bistortoides,bbd,1996.0,183.0,938.9594604492215,486.9060119628899,66.0,105C
18534,niwot,Geum,rossii,bbd,1996.0,172.0,757.7236267089875,360.67017822265564,66.0,255C
18535,niwot,Geum,rossii,bbd,1996.0,172.0,757.7236267089875,360.67017822265564,66.0,255C
18536,niwot,Geum,rossii,bbd,1996.0,172.0,757.7236267089875,360.67017822265564,66.0,255C
18537,niwot,Geum,rossii,bbd,1996.0,172.0,757.7236267089875,360.67017822265564,66.0,255C
18538,niwot,Geum,rossii,bbd,1996.0,172.0,757.7236267089875,360.67017822265564,66.0,255C
18539,niwot,Bistorta,bistortoides,bbd,1996.0,172.0,757.7236267089875,360.67017822265564,66.0,255C
18540,niwot,Bistorta,bistortoides,bbd,1996.0,172.0,757.7236267089875,360.67017822265564,66.0,255C
18541,niwot,Bistorta,bistortoides,bbd,1996.0,183.0,938.9594604492215,486.9060119628899,66.0,255C
18542,niwot,Bistorta,bistortoides,bbd,1996.0,172.0,757.7236267089875,360.67017822265564,66.0,255C
18543,niwot,Bistorta,bistortoides,bbd,1996.0,172.0,757.7236267089875,360.67017822265564,66.0,255C
18544,niwot,Geum,rossii,bbd,1996.0,172.0,757.7236267089875,360.67017822265564,66.0,254C
18545,niwot,Geum,rossii,bbd,1996.0,172.0,757.7236267089875,360.67017822265564,66.0,254C
18546,niwot,Geum,rossii,bbd,1996.0,178.0,855.9751464843775,428.9216979980458,66.0,254C
18547,niwot,Geum,rossii,bbd,1996.0,178.0,855.9751464843775,428.9216979980458,66.0,254C
18548,niwot,Geum,rossii,bbd,1996.0,178.0,855.9751464843775,428.9216979980458,66.0,254C
18549,niwot,Bistorta,bistortoides,bbd,1996.0,178.0,855.9751464843775,428.9216979980458,66.0,254C
18550,niwot,Bistorta,bistortoides,bbd,1996.0,178.0,855.9751464843775,428.9216979980458,66.0,254C
18551,niwot,Bistorta,bistortoides,bbd,1996.0,172.0,757.7236267089875,360.67017822265564,66.0,254C
18552,niwot,Bistorta,bistortoides,bbd,1996.0,172.0,757.7236267089875,360.67017822265564,66.0,254C
18553,niwot,Bistorta,bistortoides,bbd,1996.0,174.0,789.2711608886755,382.2177124023437,66.0,254C
18554,niwot,Geum,rossii,bbd,1996.0,172.0,757.7236267089875,360.67017822265564,66.0,253C
18555,niwot,Geum,rossii,bbd,1996.0,175.0,804.9855407714874,392.9320922851557,66.0,253C
18556,niwot,Geum,rossii,bbd,1996.0,176.0,821.6756591796905,404.62221069335874,66.0,253C
18557,niwot,Geum,rossii,bbd,1996.0,174.0,789.2711608886755,382.2177124023437,66.0,253C
18558,niwot,Geum,rossii,bbd,1996.0,174.0,789.2711608886755,382.2177124023437,66.0,253C
18559,niwot,Bistorta,bistortoides,bbd,1996.0,172.0,757.7236267089875,360.67017822265564,66.0,253C
18560,niwot,Bistorta,bistortoides,bbd,1996.0,174.0,789.2711608886755,382.2177124023437,66.0,253C
18561,niwot,Bistorta,bistortoides,bbd,1996.0,174.0,789.2711608886755,382.2177124023437,66.0,253C
18562,niwot,Bistorta,bistortoides,bbd,1996.0,178.0,855.9751464843775,428.9216979980458,66.0,253C
18563,niwot,Bistorta,bistortoides,bbd,1996.0,174.0,789.2711608886755,382.2177124023437,66.0,253C
18564,niwot,Geum,rossii,bbd,1996.0,178.0,855.9751464843775,428.9216979980458,66.0,252C
18565,niwot,Geum,rossii,bbd,1996.0,176.0,821.6756591796905,404.62221069335874,66.0,252C
18566,niwot,Geum,rossii,bbd,1996.0,176.0,821.6756591796905,404.62221069335874,66.0,252C
18567,niwot,Geum,rossii,bbd,1996.0,176.0,821.6756591796905,404.62221069335874,66.0,252C
18568,niwot,Geum,rossii,bbd,1996.0,176.0,821.6756591796905,404.62221069335874,66.0,252C
18569,niwot,Bistorta,bistortoides,bbd,1996.0,176.0,821.6756591796905,404.62221069335874,66.0,252C
18570,niwot,Bistorta,bistortoides,bbd,1996.0,176.0,821.6756591796905,404.62221069335874,66.0,252C
18571,niwot,Bistorta,bistortoides,bbd,1996.0,176.0,821.6756591796905,404.62221069335874,66.0,252C
18572,niwot,Bistorta,bistortoides,bbd,1996.0,176.0,821.6756591796905,404.62221069335874,66.0,252C
18573,niwot,Bistorta,bistortoides,bbd,1996.0,176.0,821.6756591796905,404.62221069335874,66.0,252C
18574,niwot,Geum,rossii,bbd,1996.0,178.0,855.9751464843775,428.9216979980458,66.0,251C
18575,niwot,Geum,rossii,bbd,1996.0,183.0,938.9594604492215,486.9060119628899,66.0,251C
18576,niwot,Geum,rossii,bbd,1996.0,178.0,855.9751464843775,428.9216979980458,66.0,251C
18577,niwot,Geum,rossii,bbd,1996.0,183.0,938.9594604492215,486.9060119628899,66.0,251C
18578,niwot,Geum,rossii,bbd,1996.0,183.0,938.9594604492215,486.9060119628899,66.0,251C
18579,niwot,Bistorta,bistortoides,bbd,1996.0,178.0,855.9751464843775,428.9216979980458,66.0,251C
18580,niwot,Bistorta,bistortoides,bbd,1996.0,178.0,855.9751464843775,428.9216979980458,66.0,251C
18581,niwot,Bistorta,bistortoides,bbd,1996.0,178.0,855.9751464843775,428.9216979980458,66.0,251C
18582,niwot,Bistorta,bistortoides,bbd,1996.0,178.0,855.9751464843775,428.9216979980458,66.0,251C
18583,niwot,Bistorta,bistortoides,bbd,1996.0,183.0,938.9594604492215,486.9060119628899,66.0,251C
18584,niwot,Geum,rossii,bbd,1996.0,142.0,353.4337097167985,106.38026123046672,66.0,451C
18585,niwot,Geum,rossii,bbd,1996.0,142.0,353.4337097167985,106.38026123046672,66.0,451C
18586,niwot,Geum,rossii,bbd,1996.0,142.0,353.4337097167985,106.38026123046672,66.0,451C
18587,niwot,Geum,rossii,bbd,1996.0,142.0,353.4337097167985,106.38026123046672,66.0,451C
18588,niwot,Geum,rossii,bbd,1996.0,142.0,353.4337097167985,106.38026123046672,66.0,451C
18589,niwot,Bistorta,bistortoides,bbd,1996.0,142.0,353.4337097167985,106.38026123046672,66.0,451C
18590,niwot,Bistorta,bistortoides,bbd,1996.0,155.0,514.632940673831,202.57949218749917,66.0,451C
18591,niwot,Bistorta,bistortoides,bbd,1996.0,142.0,353.4337097167985,106.38026123046672,66.0,451C
18592,niwot,Bistorta,bistortoides,bbd,1996.0,142.0,353.4337097167985,106.38026123046672,66.0,451C
18593,niwot,Bistorta,bistortoides,bbd,1996.0,142.0,353.4337097167985,106.38026123046672,66.0,451C
18594,niwot,Geum,rossii,bbd,1996.0,142.0,353.4337097167985,106.38026123046672,66.0,452C
18595,niwot,Geum,rossii,bbd,1996.0,142.0,353.4337097167985,106.38026123046672,66.0,452C
18596,niwot,Geum,rossii,bbd,1996.0,142.0,353.4337097167985,106.38026123046672,66.0,452C
18597,niwot,Geum,rossii,bbd,1996.0,142.0,353.4337097167985,106.38026123046672,66.0,452C
18598,niwot,Geum,rossii,bbd,1996.0,142.0,353.4337097167985,106.38026123046672,66.0,452C
18599,niwot,Bistorta,bistortoides,bbd,1996.0,155.0,514.632940673831,202.57949218749917,66.0,452C
18600,niwot,Bistorta,bistortoides,bbd,1996.0,155.0,514.632940673831,202.57949218749917,66.0,452C
18601,niwot,Bistorta,bistortoides,bbd,1996.0,142.0,353.4337097167985,106.38026123046672,66.0,452C
18602,niwot,Bistorta,bistortoides,bbd,1996.0,155.0,514.632940673831,202.57949218749917,66.0,452C
18603,niwot,Bistorta,bistortoides,bbd,1996.0,178.0,855.9751464843775,428.9216979980458,66.0,452C
18604,niwot,Geum,rossii,bbd,1996.0,142.0,353.4337097167985,106.38026123046672,66.0,453C
18605,niwot,Geum,rossii,bbd,1996.0,142.0,353.4337097167985,106.38026123046672,66.0,453C
18606,niwot,Geum,rossii,bbd,1996.0,142.0,353.4337097167985,106.38026123046672,66.0,453C
18607,niwot,Geum,rossii,bbd,1996.0,142.0,353.4337097167985,106.38026123046672,66.0,453C
18608,niwot,Geum,rossii,bbd,1996.0,142.0,353.4337097167985,106.38026123046672,66.0,453C
18609,niwot,Bistorta,bistortoides,bbd,1996.0,142.0,353.4337097167985,106.38026123046672,66.0,453C
18610,niwot,Bistorta,bistortoides,bbd,1996.0,142.0,353.4337097167985,106.38026123046672,66.0,453C
18611,niwot,Bistorta,bistortoides,bbd,1996.0,142.0,353.4337097167985,106.38026123046672,66.0,453C
18612,niwot,Bistorta,bistortoides,bbd,1996.0,142.0,353.4337097167985,106.38026123046672,66.0,453C
18613,niwot,Bistorta,bistortoides,bbd,1996.0,142.0,353.4337097167985,106.38026123046672,66.0,453C
18614,niwot,Geum,rossii,bbd,1996.0,163.0,619.8312866210962,267.7778381347644,66.0,454C
18615,niwot,Geum,rossii,bbd,1996.0,178.0,855.9751464843775,428.9216979980458,66.0,454C
18616,niwot,Geum,rossii,bbd,1996.0,163.0,619.8312866210962,267.7778381347644,66.0,454C
18617,niwot,Geum,rossii,bbd,1996.0,163.0,619.8312866210962,267.7778381347644,66.0,454C
18618,niwot,Geum,rossii,bbd,1996.0,163.0,619.8312866210962,267.7778381347644,66.0,454C
18619,niwot,Bistorta,bistortoides,bbd,1996.0,172.0,757.7236267089875,360.67017822265564,66.0,454C
18620,niwot,Bistorta,bistortoides,bbd,1996.0,162.0,603.4795776367212,256.4261291503894,66.0,454C
18621,niwot,Bistorta,bistortoides,bbd,1996.0,163.0,619.8312866210962,267.7778381347644,66.0,454C
18622,niwot,Bistorta,bistortoides,bbd,1996.0,172.0,757.7236267089875,360.67017822265564,66.0,454C
18623,niwot,Geum,rossii,bbd,1996.0,155.0,514.632940673831,202.57949218749917,66.0,455C
18624,niwot,Geum,rossii,bbd,1996.0,155.0,514.632940673831,202.57949218749917,66.0,455C
18625,niwot,Geum,rossii,bbd,1996.0,155.0,514.632940673831,202.57949218749917,66.0,455C
18626,niwot,Geum,rossii,bbd,1996.0,155.0,514.632940673831,202.57949218749917,66.0,455C
18627,niwot,Geum,rossii,bbd,1996.0,155.0,514.632940673831,202.57949218749917,66.0,455C
18628,niwot,Bistorta,bistortoides,bbd,1996.0,155.0,514.632940673831,202.57949218749917,66.0,455C
18629,niwot,Bistorta,bistortoides,bbd,1996.0,155.0,514.632940673831,202.57949218749917,66.0,455C
18630,niwot,Bistorta,bistortoides,bbd,1996.0,183.0,938.9594604492215,486.9060119628899,66.0,455C
18631,niwot,Bistorta,bistortoides,bbd,1996.0,148.0,426.4135925292997,149.36014404296793,66.0,455C
18632,niwot,Bistorta,bistortoides,bbd,1996.0,163.0,619.8312866210962,267.7778381347644,66.0,455C
18633,niwot,Geum,rossii,bbd,1996.0,139.0,319.8141601562514,87.7607116699196,66.0,755C
18634,niwot,Geum,rossii,bbd,1996.0,139.0,319.8141601562514,87.7607116699196,66.0,755C
18635,niwot,Geum,rossii,bbd,1996.0,139.0,319.8141601562514,87.7607116699196,66.0,755C
18636,niwot,Geum,rossii,bbd,1996.0,141.0,342.58792114257943,100.53447265624766,66.0,755C
18637,niwot,Geum,rossii,bbd,1996.0,139.0,319.8141601562514,87.7607116699196,66.0,755C
18638,niwot,Bistorta,bistortoides,bbd,1996.0,155.0,514.632940673831,202.57949218749917,66.0,755C
18639,niwot,Bistorta,bistortoides,bbd,1996.0,155.0,514.632940673831,202.57949218749917,66.0,755C
18640,niwot,Bistorta,bistortoides,bbd,1996.0,140.0,330.8413146972674,93.78786621093565,66.0,755C
18641,niwot,Bistorta,bistortoides,bbd,1996.0,155.0,514.632940673831,202.57949218749917,66.0,755C
18642,niwot,Bistorta,bistortoides,bbd,1996.0,140.0,330.8413146972674,93.78786621093565,66.0,755C
18643,niwot,Geum,rossii,bbd,1996.0,140.0,330.8413146972674,93.78786621093565,66.0,754C
18644,niwot,Geum,rossii,bbd,1996.0,140.0,330.8413146972674,93.78786621093565,66.0,754C
18645,niwot,Geum,rossii,bbd,1996.0,141.0,342.58792114257943,100.53447265624766,66.0,754C
18646,niwot,Geum,rossii,bbd,1996.0,140.0,330.8413146972674,93.78786621093565,66.0,754C
18647,niwot,Geum,rossii,bbd,1996.0,140.0,330.8413146972674,93.78786621093565,66.0,754C
18648,niwot,Bistorta,bistortoides,bbd,1996.0,155.0,514.632940673831,202.57949218749917,66.0,754C
18649,niwot,Bistorta,bistortoides,bbd,1996.0,141.0,342.58792114257943,100.53447265624766,66.0,754C
18650,niwot,Bistorta,bistortoides,bbd,1996.0,141.0,342.58792114257943,100.53447265624766,66.0,754C
18651,niwot,Bistorta,bistortoides,bbd,1996.0,139.0,319.8141601562514,87.7607116699196,66.0,754C
18652,niwot,Bistorta,bistortoides,bbd,1996.0,140.0,330.8413146972674,93.78786621093565,66.0,754C
18653,niwot,Geum,rossii,bbd,1996.0,134.0,274.4976013183613,67.44415283202954,66.0,753C
18654,niwot,Geum,rossii,bbd,1996.0,134.0,274.4976013183613,67.44415283202954,66.0,753C
18655,niwot,Geum,rossii,bbd,1996.0,134.0,274.4976013183613,67.44415283202954,66.0,753C
18656,niwot,Geum,rossii,bbd,1996.0,140.0,330.8413146972674,93.78786621093565,66.0,753C
18657,niwot,Geum,rossii,bbd,1996.0,134.0,274.4976013183613,67.44415283202954,66.0,753C
18658,niwot,Bistorta,bistortoides,bbd,1996.0,134.0,274.4976013183613,67.44415283202954,66.0,753C
18659,niwot,Bistorta,bistortoides,bbd,1996.0,137.0,305.01189575195434,82.95844726562257,66.0,753C
18660,niwot,Bistorta,bistortoides,bbd,1996.0,155.0,514.632940673831,202.57949218749917,66.0,753C
18661,niwot,Bistorta,bistortoides,bbd,1996.0,137.0,305.01189575195434,82.95844726562257,66.0,753C
18662,niwot,Bistorta,bistortoides,bbd,1996.0,140.0,330.8413146972674,93.78786621093565,66.0,753C
18663,niwot,Geum,rossii,bbd,1996.0,140.0,330.8413146972674,93.78786621093565,66.0,752C
18664,niwot,Geum,rossii,bbd,1996.0,142.0,353.4337097167985,106.38026123046672,66.0,752C
18665,niwot,Geum,rossii,bbd,1996.0,140.0,330.8413146972674,93.78786621093565,66.0,752C
18666,niwot,Geum,rossii,bbd,1996.0,136.0,294.77291870117335,77.71947021484158,66.0,752C
18667,niwot,Geum,rossii,bbd,1996.0,141.0,342.58792114257943,100.53447265624766,66.0,752C
18668,niwot,Bistorta,bistortoides,bbd,1996.0,140.0,330.8413146972674,93.78786621093565,66.0,752C
18669,niwot,Bistorta,bistortoides,bbd,1996.0,141.0,342.58792114257943,100.53447265624766,66.0,752C
18670,niwot,Bistorta,bistortoides,bbd,1996.0,141.0,342.58792114257943,100.53447265624766,66.0,752C
18671,niwot,Bistorta,bistortoides,bbd,1996.0,142.0,353.4337097167985,106.38026123046672,66.0,752C
18672,niwot,Bistorta,bistortoides,bbd,1996.0,155.0,514.632940673831,202.57949218749917,66.0,752C
18673,niwot,Geum,rossii,bbd,1996.0,142.0,353.4337097167985,106.38026123046672,66.0,751C
18674,niwot,Geum,rossii,bbd,1996.0,142.0,353.4337097167985,106.38026123046672,66.0,751C
18675,niwot,Geum,rossii,bbd,1996.0,155.0,514.632940673831,202.57949218749917,66.0,751C
18676,niwot,Geum,rossii,bbd,1996.0,142.0,353.4337097167985,106.38026123046672,66.0,751C
18677,niwot,Geum,rossii,bbd,1996.0,142.0,353.4337097167985,106.38026123046672,66.0,751C
18678,niwot,Bistorta,bistortoides,bbd,1996.0,142.0,353.4337097167985,106.38026123046672,66.0,751C
18679,niwot,Bistorta,bistortoides,bbd,1996.0,142.0,353.4337097167985,106.38026123046672,66.0,751C
18680,niwot,Bistorta,bistortoides,bbd,1996.0,142.0,353.4337097167985,106.38026123046672,66.0,751C
18681,niwot,Bistorta,bistortoides,bbd,1996.0,142.0,353.4337097167985,106.38026123046672,66.0,751C
18682,niwot,Bistorta,bistortoides,bbd,1996.0,142.0,353.4337097167985,106.38026123046672,66.0,751C
18683,niwot,Geum,rossii,ffd,1995.0,220.0,1338.7401306152424,739.4378417968796,70.0,EP101E
18684,niwot,Bistorta,bistortoides,ffd,1995.0,220.0,1338.7401306152424,739.4378417968796,70.0,EP101E
18685,niwot,Geum,rossii,ffd,1995.0,220.0,1338.7401306152424,739.4378417968796,70.0,EP101C
18686,niwot,Geum,rossii,ffd,1995.0,220.0,1338.7401306152424,739.4378417968796,70.0,EP101C
18687,niwot,Geum,rossii,ffd,1995.0,220.0,1338.7401306152424,739.4378417968796,70.0,EP101C
18688,niwot,Geum,rossii,ffd,1995.0,220.0,1338.7401306152424,739.4378417968796,70.0,EP101C
18689,niwot,Bistorta,bistortoides,ffd,1995.0,220.0,1338.7401306152424,739.4378417968796,70.0,EP101C
18690,niwot,Bistorta,bistortoides,ffd,1995.0,220.0,1338.7401306152424,739.4378417968796,70.0,EP101C
18691,niwot,Bistorta,bistortoides,ffd,1995.0,220.0,1338.7401306152424,739.4378417968796,70.0,EP101C
18692,niwot,Bistorta,bistortoides,ffd,1995.0,220.0,1338.7401306152424,739.4378417968796,70.0,EP101C
18693,niwot,Geum,rossii,ffd,1995.0,220.0,1338.7401306152424,739.4378417968796,70.0,EP102E
18694,niwot,Bistorta,bistortoides,ffd,1995.0,220.0,1338.7401306152424,739.4378417968796,70.0,EP102E
18695,niwot,Bistorta,bistortoides,ffd,1995.0,220.0,1338.7401306152424,739.4378417968796,70.0,EP102E
18696,niwot,Bistorta,bistortoides,ffd,1995.0,220.0,1338.7401306152424,739.4378417968796,70.0,EP102C
18697,niwot,Bistorta,bistortoides,ffd,1995.0,220.0,1338.7401306152424,739.4378417968796,70.0,EP102C
18698,niwot,Bistorta,bistortoides,ffd,1995.0,220.0,1338.7401306152424,739.4378417968796,70.0,EP102C
18699,niwot,Bistorta,bistortoides,ffd,1995.0,220.0,1338.7401306152424,739.4378417968796,70.0,EP102C
18700,niwot,Bistorta,bistortoides,ffd,1995.0,220.0,1338.7401306152424,739.4378417968796,70.0,EP103E
18701,niwot,Bistorta,bistortoides,ffd,1995.0,220.0,1338.7401306152424,739.4378417968796,70.0,EP103E
18702,niwot,Bistorta,bistortoides,ffd,1995.0,220.0,1338.7401306152424,739.4378417968796,70.0,EP251E
18703,niwot,Bistorta,bistortoides,ffd,1995.0,220.0,1338.7401306152424,739.4378417968796,70.0,EP251E
18704,niwot,Bistorta,bistortoides,ffd,1995.0,220.0,1338.7401306152424,739.4378417968796,70.0,EP251C
18705,niwot,Bistorta,bistortoides,ffd,1995.0,220.0,1338.7401306152424,739.4378417968796,70.0,EP251C
18706,niwot,Bistorta,bistortoides,ffd,1995.0,220.0,1338.7401306152424,739.4378417968796,70.0,EP251C
18707,niwot,Bistorta,bistortoides,ffd,1995.0,220.0,1338.7401306152424,739.4378417968796,70.0,EP252E
18708,niwot,Geum,rossii,ffd,1995.0,220.0,1338.7401306152424,739.4378417968796,70.0,EP252C
18709,niwot,Bistorta,bistortoides,ffd,1995.0,220.0,1338.7401306152424,739.4378417968796,70.0,EP252C
18710,niwot,Bistorta,bistortoides,ffd,1995.0,220.0,1338.7401306152424,739.4378417968796,70.0,EP252C
18711,niwot,Bistorta,bistortoides,ffd,1995.0,220.0,1338.7401306152424,739.4378417968796,70.0,EP253E
18712,niwot,Bistorta,bistortoides,ffd,1995.0,220.0,1338.7401306152424,739.4378417968796,70.0,EP253E
18713,niwot,Bistorta,bistortoides,ffd,1995.0,220.0,1338.7401306152424,739.4378417968796,70.0,EP253E
18714,niwot,Geum,rossii,ffd,1995.0,220.0,1338.7401306152424,739.4378417968796,70.0,EP253C
18715,niwot,Bistorta,bistortoides,ffd,1995.0,220.0,1338.7401306152424,739.4378417968796,70.0,EP253C
18716,niwot,Bistorta,bistortoides,ffd,1995.0,220.0,1338.7401306152424,739.4378417968796,70.0,EP451E
18717,niwot,Bistorta,bistortoides,ffd,1995.0,220.0,1338.7401306152424,739.4378417968796,70.0,EP451E
18718,niwot,Bistorta,bistortoides,ffd,1995.0,220.0,1338.7401306152424,739.4378417968796,70.0,EP451C
18719,niwot,Bistorta,bistortoides,ffd,1995.0,220.0,1338.7401306152424,739.4378417968796,70.0,EP452E
18720,niwot,Bistorta,bistortoides,ffd,1995.0,220.0,1338.7401306152424,739.4378417968796,70.0,EP452E
18721,niwot,Bistorta,bistortoides,ffd,1995.0,220.0,1338.7401306152424,739.4378417968796,70.0,EP452C
18722,niwot,Bistorta,bistortoides,ffd,1995.0,220.0,1338.7401306152424,739.4378417968796,70.0,EP452C
18723,niwot,Bistorta,bistortoides,ffd,1995.0,213.0,1212.8168334961017,648.5145446777392,70.0,EP452C
18724,niwot,Bistorta,bistortoides,ffd,1995.0,220.0,1338.7401306152424,739.4378417968796,70.0,EP452C
18725,niwot,Bistorta,bistortoides,ffd,1995.0,220.0,1338.7401306152424,739.4378417968796,70.0,EP452C
18726,niwot,Geum,rossii,ffd,1995.0,220.0,1338.7401306152424,739.4378417968796,70.0,EP751E
18727,niwot,Geum,rossii,ffd,1995.0,220.0,1338.7401306152424,739.4378417968796,70.0,EP751E
18728,niwot,Bistorta,bistortoides,ffd,1995.0,220.0,1338.7401306152424,739.4378417968796,70.0,EP751E
18729,niwot,Bistorta,bistortoides,ffd,1995.0,220.0,1338.7401306152424,739.4378417968796,70.0,EP751C
18730,niwot,Bistorta,bistortoides,ffd,1995.0,220.0,1338.7401306152424,739.4378417968796,70.0,EP751C
18731,niwot,Bistorta,bistortoides,ffd,1995.0,220.0,1338.7401306152424,739.4378417968796,70.0,EP751C
18732,niwot,Bistorta,bistortoides,ffd,1995.0,220.0,1338.7401306152424,739.4378417968796,70.0,EP751C
18733,niwot,Bistorta,bistortoides,ffd,1995.0,220.0,1338.7401306152424,739.4378417968796,70.0,EP753E
18734,niwot,Bistorta,bistortoides,ffd,1995.0,220.0,1338.7401306152424,739.4378417968796,70.0,EP753E
18735,niwot,Bistorta,bistortoides,ffd,1995.0,220.0,1338.7401306152424,739.4378417968796,70.0,EP753C
18736,niwot,Geum,rossii,ffd,1996.0,168.0,693.8573181152374,316.80386962890555,66.0,EP101E
18737,niwot,Geum,rossii,ffd,1996.0,172.0,757.7236267089875,360.67017822265564,66.0,EP101E
18738,niwot,Geum,rossii,ffd,1996.0,163.0,619.8312866210962,267.7778381347644,66.0,EP101E
18739,niwot,Geum,rossii,ffd,1996.0,172.0,757.7236267089875,360.67017822265564,66.0,EP101E
18740,niwot,Bistorta,bistortoides,ffd,1996.0,190.0,1070.2750305175807,583.221582031249,66.0,EP101E
18741,niwot,Bistorta,bistortoides,ffd,1996.0,219.0,1566.7350280761736,934.6815795898417,66.0,EP101E
18742,niwot,Bistorta,bistortoides,ffd,1996.0,198.0,1212.8586303710958,685.8051818847644,66.0,EP101E
18743,niwot,Bistorta,bistortoides,ffd,1996.0,190.0,1070.2750305175807,583.221582031249,66.0,EP101C
18744,niwot,Geum,rossii,ffd,1996.0,168.0,693.8573181152374,316.80386962890555,66.0,EP102E
18745,niwot,Geum,rossii,ffd,1996.0,168.0,693.8573181152374,316.80386962890555,66.0,EP102E
18746,niwot,Bistorta,bistortoides,ffd,1996.0,183.0,938.9594604492215,486.9060119628899,66.0,EP102E
18747,niwot,Bistorta,bistortoides,ffd,1996.0,178.0,855.9751464843775,428.9216979980458,66.0,EP102E
18748,niwot,Bistorta,bistortoides,ffd,1996.0,183.0,938.9594604492215,486.9060119628899,66.0,EP102E
18749,niwot,Geum,rossii,ffd,1996.0,172.0,757.7236267089875,360.67017822265564,66.0,EP102C
18750,niwot,Geum,rossii,ffd,1996.0,172.0,757.7236267089875,360.67017822265564,66.0,EP102C
18751,niwot,Geum,rossii,ffd,1996.0,172.0,757.7236267089875,360.67017822265564,66.0,EP102C
18752,niwot,Bistorta,bistortoides,ffd,1996.0,183.0,938.9594604492215,486.9060119628899,66.0,EP102C
18753,niwot,Bistorta,bistortoides,ffd,1996.0,183.0,938.9594604492215,486.9060119628899,66.0,EP102C
18754,niwot,Bistorta,bistortoides,ffd,1996.0,178.0,855.9751464843775,428.9216979980458,66.0,EP102C
18755,niwot,Bistorta,bistortoides,ffd,1996.0,198.0,1212.8586303710958,685.8051818847644,66.0,EP102C
18756,niwot,Bistorta,bistortoides,ffd,1996.0,183.0,938.9594604492215,486.9060119628899,66.0,EP102C
18757,niwot,Geum,rossii,ffd,1996.0,172.0,757.7236267089875,360.67017822265564,66.0,EP103E
18758,niwot,Geum,rossii,ffd,1996.0,172.0,757.7236267089875,360.67017822265564,66.0,EP103E
18759,niwot,Geum,rossii,ffd,1996.0,178.0,855.9751464843775,428.9216979980458,66.0,EP103E
18760,niwot,Bistorta,bistortoides,ffd,1996.0,183.0,938.9594604492215,486.9060119628899,66.0,EP103E
18761,niwot,Bistorta,bistortoides,ffd,1996.0,178.0,855.9751464843775,428.9216979980458,66.0,EP103E
18762,niwot,Geum,rossii,ffd,1996.0,168.0,693.8573181152374,316.80386962890555,66.0,EP103C
18763,niwot,Geum,rossii,ffd,1996.0,178.0,855.9751464843775,428.9216979980458,66.0,EP103C
18764,niwot,Geum,rossii,ffd,1996.0,178.0,855.9751464843775,428.9216979980458,66.0,EP103C
18765,niwot,Bistorta,bistortoides,ffd,1996.0,183.0,938.9594604492215,486.9060119628899,66.0,EP103C
18766,niwot,Bistorta,bistortoides,ffd,1996.0,183.0,938.9594604492215,486.9060119628899,66.0,EP103C
18767,niwot,Geum,rossii,ffd,1996.0,168.0,693.8573181152374,316.80386962890555,66.0,EP251E
18768,niwot,Bistorta,bistortoides,ffd,1996.0,201.0,1261.5899353027357,719.5364868164042,66.0,EP251E
18769,niwot,Bistorta,bistortoides,ffd,1996.0,190.0,1070.2750305175807,583.221582031249,66.0,EP251E
18770,niwot,Bistorta,bistortoides,ffd,1996.0,183.0,938.9594604492215,486.9060119628899,66.0,EP251E
18771,niwot,Geum,rossii,ffd,1996.0,172.0,757.7236267089875,360.67017822265564,66.0,EP251C
18772,niwot,Bistorta,bistortoides,ffd,1996.0,190.0,1070.2750305175807,583.221582031249,66.0,EP251C
18773,niwot,Bistorta,bistortoides,ffd,1996.0,190.0,1070.2750305175807,583.221582031249,66.0,EP251C
18774,niwot,Bistorta,bistortoides,ffd,1996.0,190.0,1070.2750305175807,583.221582031249,66.0,EP251C
18775,niwot,Geum,rossii,ffd,1996.0,190.0,1070.2750305175807,583.221582031249,66.0,EP252E
18776,niwot,Geum,rossii,ffd,1996.0,183.0,938.9594604492215,486.9060119628899,66.0,EP252C
18777,niwot,Geum,rossii,ffd,1996.0,178.0,855.9751464843775,428.9216979980458,66.0,EP252C
18778,niwot,Bistorta,bistortoides,ffd,1996.0,190.0,1070.2750305175807,583.221582031249,66.0,EP252C
18779,niwot,Bistorta,bistortoides,ffd,1996.0,183.0,938.9594604492215,486.9060119628899,66.0,EP252C
18780,niwot,Bistorta,bistortoides,ffd,1996.0,183.0,938.9594604492215,486.9060119628899,66.0,EP252C
18781,niwot,Bistorta,bistortoides,ffd,1996.0,183.0,938.9594604492215,486.9060119628899,66.0,EP252C
18782,niwot,Geum,rossii,ffd,1996.0,172.0,757.7236267089875,360.67017822265564,66.0,EP253E
18783,niwot,Geum,rossii,ffd,1996.0,178.0,855.9751464843775,428.9216979980458,66.0,EP253E
18784,niwot,Geum,rossii,ffd,1996.0,183.0,938.9594604492215,486.9060119628899,66.0,EP253E
18785,niwot,Bistorta,bistortoides,ffd,1996.0,190.0,1070.2750305175807,583.221582031249,66.0,EP253E
18786,niwot,Bistorta,bistortoides,ffd,1996.0,190.0,1070.2750305175807,583.221582031249,66.0,EP253E
18787,niwot,Geum,rossii,ffd,1996.0,183.0,938.9594604492215,486.9060119628899,66.0,EP253C
18788,niwot,Geum,rossii,ffd,1996.0,172.0,757.7236267089875,360.67017822265564,66.0,EP253C
18789,niwot,Geum,rossii,ffd,1996.0,172.0,757.7236267089875,360.67017822265564,66.0,EP253C
18790,niwot,Geum,rossii,ffd,1996.0,178.0,855.9751464843775,428.9216979980458,66.0,EP253C
18791,niwot,Bistorta,bistortoides,ffd,1996.0,190.0,1070.2750305175807,583.221582031249,66.0,EP253C
18792,niwot,Bistorta,bistortoides,ffd,1996.0,190.0,1070.2750305175807,583.221582031249,66.0,EP253C
18793,niwot,Bistorta,bistortoides,ffd,1996.0,178.0,855.9751464843775,428.9216979980458,66.0,EP451E
18794,niwot,Bistorta,bistortoides,ffd,1996.0,183.0,938.9594604492215,486.9060119628899,66.0,EP451E
18795,niwot,Bistorta,bistortoides,ffd,1996.0,183.0,938.9594604492215,486.9060119628899,66.0,EP451E
18796,niwot,Bistorta,bistortoides,ffd,1996.0,183.0,938.9594604492215,486.9060119628899,66.0,EP451E
18797,niwot,Bistorta,bistortoides,ffd,1996.0,178.0,855.9751464843775,428.9216979980458,66.0,EP451E
18798,niwot,Geum,rossii,ffd,1996.0,168.0,693.8573181152374,316.80386962890555,66.0,EP451C
18799,niwot,Geum,rossii,ffd,1996.0,172.0,757.7236267089875,360.67017822265564,66.0,EP451C
18800,niwot,Bistorta,bistortoides,ffd,1996.0,190.0,1070.2750305175807,583.221582031249,66.0,EP451C
18801,niwot,Bistorta,bistortoides,ffd,1996.0,178.0,855.9751464843775,428.9216979980458,66.0,EP451C
18802,niwot,Bistorta,bistortoides,ffd,1996.0,183.0,938.9594604492215,486.9060119628899,66.0,EP451C
18803,niwot,Bistorta,bistortoides,ffd,1996.0,183.0,938.9594604492215,486.9060119628899,66.0,EP451C
18804,niwot,Bistorta,bistortoides,ffd,1996.0,183.0,938.9594604492215,486.9060119628899,66.0,EP451C
18805,niwot,Geum,rossii,ffd,1996.0,168.0,693.8573181152374,316.80386962890555,66.0,EP452E
18806,niwot,Geum,rossii,ffd,1996.0,168.0,693.8573181152374,316.80386962890555,66.0,EP452E
18807,niwot,Geum,rossii,ffd,1996.0,168.0,693.8573181152374,316.80386962890555,66.0,EP452E
18808,niwot,Bistorta,bistortoides,ffd,1996.0,178.0,855.9751464843775,428.9216979980458,66.0,EP452E
18809,niwot,Bistorta,bistortoides,ffd,1996.0,183.0,938.9594604492215,486.9060119628899,66.0,EP452E
18810,niwot,Bistorta,bistortoides,ffd,1996.0,183.0,938.9594604492215,486.9060119628899,66.0,EP452E
18811,niwot,Geum,rossii,ffd,1996.0,168.0,693.8573181152374,316.80386962890555,66.0,EP452C
18812,niwot,Geum,rossii,ffd,1996.0,168.0,693.8573181152374,316.80386962890555,66.0,EP452C
18813,niwot,Geum,rossii,ffd,1996.0,168.0,693.8573181152374,316.80386962890555,66.0,EP452C
18814,niwot,Geum,rossii,ffd,1996.0,172.0,757.7236267089875,360.67017822265564,66.0,EP452C
18815,niwot,Bistorta,bistortoides,ffd,1996.0,183.0,938.9594604492215,486.9060119628899,66.0,EP452C
18816,niwot,Bistorta,bistortoides,ffd,1996.0,183.0,938.9594604492215,486.9060119628899,66.0,EP452C
18817,niwot,Bistorta,bistortoides,ffd,1996.0,183.0,938.9594604492215,486.9060119628899,66.0,EP452C
18818,niwot,Bistorta,bistortoides,ffd,1996.0,198.0,1212.8586303710958,685.8051818847644,66.0,EP453E
18819,niwot,Bistorta,bistortoides,ffd,1996.0,190.0,1070.2750305175807,583.221582031249,66.0,EP453E
18820,niwot,Bistorta,bistortoides,ffd,1996.0,206.0,1348.382568359376,781.3291198730444,66.0,EP453E
18821,niwot,Geum,rossii,ffd,1996.0,168.0,693.8573181152374,316.80386962890555,66.0,EP453C
18822,niwot,Geum,rossii,ffd,1996.0,168.0,693.8573181152374,316.80386962890555,66.0,EP453C
18823,niwot,Geum,rossii,ffd,1996.0,168.0,693.8573181152374,316.80386962890555,66.0,EP453C
18824,niwot,Geum,rossii,ffd,1996.0,172.0,757.7236267089875,360.67017822265564,66.0,EP453C
18825,niwot,Geum,rossii,ffd,1996.0,172.0,757.7236267089875,360.67017822265564,66.0,EP453C
18826,niwot,Bistorta,bistortoides,ffd,1996.0,183.0,938.9594604492215,486.9060119628899,66.0,EP453C
18827,niwot,Bistorta,bistortoides,ffd,1996.0,178.0,855.9751464843775,428.9216979980458,66.0,EP453C
18828,niwot,Geum,rossii,ffd,1996.0,168.0,693.8573181152374,316.80386962890555,66.0,EP751E
18829,niwot,Geum,rossii,ffd,1996.0,168.0,693.8573181152374,316.80386962890555,66.0,EP751E
18830,niwot,Bistorta,bistortoides,ffd,1996.0,183.0,938.9594604492215,486.9060119628899,66.0,EP751E
18831,niwot,Bistorta,bistortoides,ffd,1996.0,183.0,938.9594604492215,486.9060119628899,66.0,EP751E
18832,niwot,Geum,rossii,ffd,1996.0,172.0,757.7236267089875,360.67017822265564,66.0,EP751C
18833,niwot,Geum,rossii,ffd,1996.0,178.0,855.9751464843775,428.9216979980458,66.0,EP751C
18834,niwot,Bistorta,bistortoides,ffd,1996.0,183.0,938.9594604492215,486.9060119628899,66.0,EP751C
18835,niwot,Bistorta,bistortoides,ffd,1996.0,183.0,938.9594604492215,486.9060119628899,66.0,EP751C
18836,niwot,Bistorta,bistortoides,ffd,1996.0,183.0,938.9594604492215,486.9060119628899,66.0,EP751C
18837,niwot,Geum,rossii,ffd,1996.0,168.0,693.8573181152374,316.80386962890555,66.0,EP752E
18838,niwot,Geum,rossii,ffd,1996.0,168.0,693.8573181152374,316.80386962890555,66.0,EP752E
18839,niwot,Geum,rossii,ffd,1996.0,178.0,855.9751464843775,428.9216979980458,66.0,EP752E
18840,niwot,Bistorta,bistortoides,ffd,1996.0,198.0,1212.8586303710958,685.8051818847644,66.0,EP752E
18841,niwot,Bistorta,bistortoides,ffd,1996.0,198.0,1212.8586303710958,685.8051818847644,66.0,EP752E
18842,niwot,Geum,rossii,ffd,1996.0,168.0,693.8573181152374,316.80386962890555,66.0,EP752C
18843,niwot,Bistorta,bistortoides,ffd,1996.0,198.0,1212.8586303710958,685.8051818847644,66.0,EP752C
18844,niwot,Geum,rossii,ffd,1996.0,172.0,757.7236267089875,360.67017822265564,66.0,EP753E
18845,niwot,Geum,rossii,ffd,1996.0,168.0,693.8573181152374,316.80386962890555,66.0,EP753E
18846,niwot,Bistorta,bistortoides,ffd,1996.0,178.0,855.9751464843775,428.9216979980458,66.0,EP753E
18847,niwot,Bistorta,bistortoides,ffd,1996.0,190.0,1070.2750305175807,583.221582031249,66.0,EP753E
18848,niwot,Geum,rossii,ffd,1996.0,168.0,693.8573181152374,316.80386962890555,66.0,EP753C
18849,niwot,Geum,rossii,ffd,1996.0,183.0,938.9594604492215,486.9060119628899,66.0,EP753C
18850,niwot,Geum,rossii,ffd,1996.0,163.0,619.8312866210962,267.7778381347644,66.0,EP753C
18851,niwot,Bistorta,bistortoides,ffd,1993.0,201.0,1108.3940795898488,597.384570312503,69.0,101C
18852,niwot,Bistorta,bistortoides,ffd,1993.0,200.0,1090.6067932128958,584.59728393555,69.0,103C
18853,niwot,Bistorta,bistortoides,ffd,1993.0,201.0,1108.3940795898488,597.384570312503,69.0,103C
18854,niwot,Bistorta,bistortoides,ffd,1993.0,201.0,1108.3940795898488,597.384570312503,69.0,104C
18855,niwot,Bistorta,bistortoides,ffd,1993.0,202.0,1124.433288574224,608.423779296878,69.0,105C
18856,niwot,Bistorta,bistortoides,ffd,1993.0,200.0,1090.6067932128958,584.59728393555,69.0,254C
18857,niwot,Bistorta,bistortoides,ffd,1993.0,200.0,1090.6067932128958,584.59728393555,69.0,251C
18858,niwot,Bistorta,bistortoides,ffd,1993.0,202.0,1124.433288574224,608.423779296878,69.0,451C
18859,niwot,Bistorta,bistortoides,ffd,1993.0,200.0,1090.6067932128958,584.59728393555,69.0,452C
18860,niwot,Bistorta,bistortoides,ffd,1993.0,200.0,1090.6067932128958,584.59728393555,69.0,453C
18861,niwot,Bistorta,bistortoides,ffd,1993.0,200.0,1090.6067932128958,584.59728393555,69.0,454C
18862,niwot,Bistorta,bistortoides,ffd,1993.0,200.0,1090.6067932128958,584.59728393555,69.0,455C
18863,niwot,Bistorta,bistortoides,ffd,1994.0,207.0,1436.5026123046946,870.1325805664094,76.0,104C
18864,niwot,Geum,rossii,ffd,1994.0,193.0,1199.8003356933673,703.4303039550821,76.0,105C
18865,niwot,Geum,rossii,ffd,1994.0,193.0,1199.8003356933673,703.4303039550821,76.0,105C
18866,niwot,Bistorta,bistortoides,ffd,1994.0,193.0,1199.8003356933673,703.4303039550821,76.0,255C
18867,niwot,Bistorta,bistortoides,ffd,1994.0,207.0,1436.5026123046946,870.1325805664094,76.0,254C
18868,niwot,Bistorta,bistortoides,ffd,1994.0,200.0,1318.267272949226,786.8972412109413,76.0,253C
18869,niwot,Geum,rossii,ffd,1994.0,166.0,727.5367370605522,366.1667053222673,76.0,451C
18870,niwot,Geum,rossii,ffd,1994.0,175.0,884.3045654296936,477.9345336914086,76.0,454C
18871,niwot,Geum,rossii,ffd,1994.0,158.0,608.5064514160202,287.1364196777351,76.0,755C
18872,niwot,Geum,rossii,ffd,1994.0,166.0,727.5367370605522,366.1667053222673,76.0,752C
18873,niwot,Bistorta,bistortoides,ffd,1994.0,175.0,884.3045654296936,477.9345336914086,76.0,752C
18874,niwot,Geum,rossii,ffd,1994.0,165.0,711.6884765625052,355.3184448242203,76.0,751C
18875,niwot,Geum,rossii,ffd,1995.0,228.0,1489.808380126961,850.5060913085985,70.0,101C
18876,niwot,Geum,rossii,ffd,1995.0,228.0,1489.808380126961,850.5060913085985,70.0,101C
18877,niwot,Bistorta,bistortoides,ffd,1995.0,228.0,1489.808380126961,850.5060913085985,70.0,101C
18878,niwot,Geum,rossii,ffd,1995.0,228.0,1489.808380126961,850.5060913085985,70.0,102C
18879,niwot,Geum,rossii,ffd,1995.0,228.0,1489.808380126961,850.5060913085985,70.0,102C
18880,niwot,Bistorta,bistortoides,ffd,1995.0,228.0,1489.808380126961,850.5060913085985,70.0,102C
18881,niwot,Geum,rossii,ffd,1995.0,228.0,1489.808380126961,850.5060913085985,70.0,103C
18882,niwot,Bistorta,bistortoides,ffd,1995.0,228.0,1489.808380126961,850.5060913085985,70.0,103C
18883,niwot,Bistorta,bistortoides,ffd,1995.0,226.0,1454.4268310546952,825.1245422363324,70.0,103C
18884,niwot,Geum,rossii,ffd,1995.0,228.0,1489.808380126961,850.5060913085985,70.0,104C
18885,niwot,Geum,rossii,ffd,1995.0,228.0,1489.808380126961,850.5060913085985,70.0,104C
18886,niwot,Bistorta,bistortoides,ffd,1995.0,228.0,1489.808380126961,850.5060913085985,70.0,104C
18887,niwot,Bistorta,bistortoides,ffd,1995.0,228.0,1489.808380126961,850.5060913085985,70.0,104C
18888,niwot,Bistorta,bistortoides,ffd,1995.0,228.0,1489.808380126961,850.5060913085985,70.0,104C
18889,niwot,Geum,rossii,ffd,1995.0,219.0,1319.7727600097733,725.4704711914105,70.0,105C
18890,niwot,Geum,rossii,ffd,1995.0,228.0,1489.808380126961,850.5060913085985,70.0,105C
18891,niwot,Geum,rossii,ffd,1995.0,228.0,1489.808380126961,850.5060913085985,70.0,105C
18892,niwot,Geum,rossii,ffd,1995.0,219.0,1319.7727600097733,725.4704711914105,70.0,255C
18893,niwot,Geum,rossii,ffd,1995.0,228.0,1489.808380126961,850.5060913085985,70.0,255C
18894,niwot,Bistorta,bistortoides,ffd,1995.0,219.0,1319.7727600097733,725.4704711914105,70.0,255C
18895,niwot,Bistorta,bistortoides,ffd,1995.0,228.0,1489.808380126961,850.5060913085985,70.0,255C
18896,niwot,Bistorta,bistortoides,ffd,1995.0,219.0,1319.7727600097733,725.4704711914105,70.0,255C
18897,niwot,Geum,rossii,ffd,1995.0,228.0,1489.808380126961,850.5060913085985,70.0,254C
18898,niwot,Geum,rossii,ffd,1995.0,228.0,1489.808380126961,850.5060913085985,70.0,254C
18899,niwot,Geum,rossii,ffd,1995.0,217.0,1281.7112487793052,697.4089599609424,70.0,254C
18900,niwot,Geum,rossii,ffd,1995.0,228.0,1489.808380126961,850.5060913085985,70.0,254C
18901,niwot,Geum,rossii,ffd,1995.0,228.0,1489.808380126961,850.5060913085985,70.0,254C
18902,niwot,Bistorta,bistortoides,ffd,1995.0,228.0,1489.808380126961,850.5060913085985,70.0,254C
18903,niwot,Bistorta,bistortoides,ffd,1995.0,219.0,1319.7727600097733,725.4704711914105,70.0,254C
18904,niwot,Bistorta,bistortoides,ffd,1995.0,219.0,1319.7727600097733,725.4704711914105,70.0,254C
18905,niwot,Geum,rossii,ffd,1995.0,228.0,1489.808380126961,850.5060913085985,70.0,253C
18906,niwot,Geum,rossii,ffd,1995.0,219.0,1319.7727600097733,725.4704711914105,70.0,253C
18907,niwot,Bistorta,bistortoides,ffd,1995.0,219.0,1319.7727600097733,725.4704711914105,70.0,253C
18908,niwot,Bistorta,bistortoides,ffd,1995.0,219.0,1319.7727600097733,725.4704711914105,70.0,253C
18909,niwot,Bistorta,bistortoides,ffd,1995.0,228.0,1489.808380126961,850.5060913085985,70.0,253C
18910,niwot,Bistorta,bistortoides,ffd,1995.0,216.0,1264.472149658211,685.1698608398483,70.0,253C
18911,niwot,Geum,rossii,ffd,1995.0,228.0,1489.808380126961,850.5060913085985,70.0,252C
18912,niwot,Geum,rossii,ffd,1995.0,224.0,1418.056695556648,798.7544067382854,70.0,252C
18913,niwot,Bistorta,bistortoides,ffd,1995.0,219.0,1319.7727600097733,725.4704711914105,70.0,252C
18914,niwot,Bistorta,bistortoides,ffd,1995.0,219.0,1319.7727600097733,725.4704711914105,70.0,252C
18915,niwot,Bistorta,bistortoides,ffd,1995.0,228.0,1489.808380126961,850.5060913085985,70.0,252C
18916,niwot,Bistorta,bistortoides,ffd,1995.0,219.0,1319.7727600097733,725.4704711914105,70.0,252C
18917,niwot,Bistorta,bistortoides,ffd,1995.0,228.0,1489.808380126961,850.5060913085985,70.0,252C
18918,niwot,Bistorta,bistortoides,ffd,1995.0,219.0,1319.7727600097733,725.4704711914105,70.0,251C
18919,niwot,Bistorta,bistortoides,ffd,1995.0,228.0,1489.808380126961,850.5060913085985,70.0,251C
18920,niwot,Geum,rossii,ffd,1995.0,201.0,1007.2605407714907,502.9582519531279,70.0,451C
18921,niwot,Geum,rossii,ffd,1995.0,201.0,1007.2605407714907,502.9582519531279,70.0,451C
18922,niwot,Bistorta,bistortoides,ffd,1995.0,219.0,1319.7727600097733,725.4704711914105,70.0,451C
18923,niwot,Bistorta,bistortoides,ffd,1995.0,205.0,1072.9793884277408,548.677099609378,70.0,451C
18924,niwot,Bistorta,bistortoides,ffd,1995.0,212.0,1197.9372619628987,638.6349731445362,70.0,451C
18925,niwot,Bistorta,bistortoides,ffd,1995.0,212.0,1197.9372619628987,638.6349731445362,70.0,451C
18926,niwot,Geum,rossii,ffd,1995.0,207.0,1107.251898193367,572.9496093750042,70.0,452C
18927,niwot,Bistorta,bistortoides,ffd,1995.0,212.0,1197.9372619628987,638.6349731445362,70.0,452C
18928,niwot,Bistorta,bistortoides,ffd,1995.0,205.0,1072.9793884277408,548.677099609378,70.0,452C
18929,niwot,Geum,rossii,ffd,1995.0,219.0,1319.7727600097733,725.4704711914105,70.0,453C
18930,niwot,Geum,rossii,ffd,1995.0,212.0,1197.9372619628987,638.6349731445362,70.0,453C
18931,niwot,Bistorta,bistortoides,ffd,1995.0,219.0,1319.7727600097733,725.4704711914105,70.0,453C
18932,niwot,Bistorta,bistortoides,ffd,1995.0,219.0,1319.7727600097733,725.4704711914105,70.0,453C
18933,niwot,Bistorta,bistortoides,ffd,1995.0,219.0,1319.7727600097733,725.4704711914105,70.0,453C
18934,niwot,Bistorta,bistortoides,ffd,1995.0,205.0,1072.9793884277408,548.677099609378,70.0,453C
18935,niwot,Bistorta,bistortoides,ffd,1995.0,219.0,1319.7727600097733,725.4704711914105,70.0,453C
18936,niwot,Geum,rossii,ffd,1995.0,219.0,1319.7727600097733,725.4704711914105,70.0,454C
18937,niwot,Bistorta,bistortoides,ffd,1995.0,219.0,1319.7727600097733,725.4704711914105,70.0,454C
18938,niwot,Bistorta,bistortoides,ffd,1995.0,228.0,1489.808380126961,850.5060913085985,70.0,454C
18939,niwot,Bistorta,bistortoides,ffd,1995.0,228.0,1489.808380126961,850.5060913085985,70.0,454C
18940,niwot,Bistorta,bistortoides,ffd,1995.0,219.0,1319.7727600097733,725.4704711914105,70.0,454C
18941,niwot,Geum,rossii,ffd,1995.0,219.0,1319.7727600097733,725.4704711914105,70.0,455C
18942,niwot,Geum,rossii,ffd,1995.0,205.0,1072.9793884277408,548.677099609378,70.0,755C
18943,niwot,Geum,rossii,ffd,1995.0,212.0,1197.9372619628987,638.6349731445362,70.0,755C
18944,niwot,Bistorta,bistortoides,ffd,1995.0,197.0,945.6489929199286,461.3467041015658,70.0,755C
18945,niwot,Bistorta,bistortoides,ffd,1995.0,205.0,1072.9793884277408,548.677099609378,70.0,755C
18946,niwot,Bistorta,bistortoides,ffd,1995.0,194.0,896.8839660644594,427.5816772460967,70.0,754C
18947,niwot,Bistorta,bistortoides,ffd,1995.0,197.0,945.6489929199286,461.3467041015658,70.0,754C
18948,niwot,Bistorta,bistortoides,ffd,1995.0,205.0,1072.9793884277408,548.677099609378,70.0,753C
18949,niwot,Bistorta,bistortoides,ffd,1995.0,197.0,945.6489929199286,461.3467041015658,70.0,753C
18950,niwot,Geum,rossii,ffd,1995.0,201.0,1007.2605407714907,502.9582519531279,70.0,752C
18951,niwot,Geum,rossii,ffd,1995.0,197.0,945.6489929199286,461.3467041015658,70.0,752C
18952,niwot,Geum,rossii,ffd,1995.0,197.0,945.6489929199286,461.3467041015658,70.0,752C
18953,niwot,Bistorta,bistortoides,ffd,1995.0,195.0,914.8757507324285,440.5734619140658,70.0,752C
18954,niwot,Bistorta,bistortoides,ffd,1995.0,197.0,945.6489929199286,461.3467041015658,70.0,752C
18955,niwot,Bistorta,bistortoides,ffd,1995.0,205.0,1072.9793884277408,548.677099609378,70.0,751C
18956,niwot,Geum,rossii,ffd,1996.0,211.0,1432.2802124023465,840.2267639160145,66.0,102C
18957,niwot,Bistorta,bistortoides,ffd,1996.0,211.0,1432.2802124023465,840.2267639160145,66.0,102C
18958,niwot,Bistorta,bistortoides,ffd,1996.0,211.0,1432.2802124023465,840.2267639160145,66.0,102C
18959,niwot,Bistorta,bistortoides,ffd,1996.0,219.0,1566.7350280761736,934.6815795898417,66.0,102C
18960,niwot,Bistorta,bistortoides,ffd,1996.0,219.0,1566.7350280761736,934.6815795898417,66.0,103C
18961,niwot,Bistorta,bistortoides,ffd,1996.0,219.0,1566.7350280761736,934.6815795898417,66.0,103C
18962,niwot,Bistorta,bistortoides,ffd,1996.0,219.0,1566.7350280761736,934.6815795898417,66.0,103C
18963,niwot,Geum,rossii,ffd,1996.0,206.0,1348.382568359376,781.3291198730444,66.0,104C
18964,niwot,Bistorta,bistortoides,ffd,1996.0,212.0,1450.3350769042995,853.2816284179676,66.0,104C
18965,niwot,Bistorta,bistortoides,ffd,1996.0,206.0,1348.382568359376,781.3291198730444,66.0,104C
18966,niwot,Bistorta,bistortoides,ffd,1996.0,212.0,1450.3350769042995,853.2816284179676,66.0,104C
18967,niwot,Bistorta,bistortoides,ffd,1996.0,212.0,1450.3350769042995,853.2816284179676,66.0,104C
18968,niwot,Bistorta,bistortoides,ffd,1996.0,206.0,1348.382568359376,781.3291198730444,66.0,104C
18969,niwot,Geum,rossii,ffd,1996.0,198.0,1212.8586303710958,685.8051818847644,66.0,105C
18970,niwot,Geum,rossii,ffd,1996.0,198.0,1212.8586303710958,685.8051818847644,66.0,105C
18971,niwot,Geum,rossii,ffd,1996.0,206.0,1348.382568359376,781.3291198730444,66.0,105C
18972,niwot,Bistorta,bistortoides,ffd,1996.0,206.0,1348.382568359376,781.3291198730444,66.0,105C
18973,niwot,Bistorta,bistortoides,ffd,1996.0,212.0,1450.3350769042995,853.2816284179676,66.0,105C
18974,niwot,Bistorta,bistortoides,ffd,1996.0,212.0,1450.3350769042995,853.2816284179676,66.0,105C
18975,niwot,Geum,rossii,ffd,1996.0,190.0,1070.2750305175807,583.221582031249,66.0,255C
18976,niwot,Bistorta,bistortoides,ffd,1996.0,198.0,1212.8586303710958,685.8051818847644,66.0,255C
18977,niwot,Bistorta,bistortoides,ffd,1996.0,198.0,1212.8586303710958,685.8051818847644,66.0,255C
18978,niwot,Geum,rossii,ffd,1996.0,198.0,1212.8586303710958,685.8051818847644,66.0,254C
18979,niwot,Geum,rossii,ffd,1996.0,198.0,1212.8586303710958,685.8051818847644,66.0,254C
18980,niwot,Geum,rossii,ffd,1996.0,201.0,1261.5899353027357,719.5364868164042,66.0,254C
18981,niwot,Geum,rossii,ffd,1996.0,198.0,1212.8586303710958,685.8051818847644,66.0,254C
18982,niwot,Bistorta,bistortoides,ffd,1996.0,206.0,1348.382568359376,781.3291198730444,66.0,254C
18983,niwot,Bistorta,bistortoides,ffd,1996.0,201.0,1261.5899353027357,719.5364868164042,66.0,254C
18984,niwot,Bistorta,bistortoides,ffd,1996.0,212.0,1450.3350769042995,853.2816284179676,66.0,254C
18985,niwot,Bistorta,bistortoides,ffd,1996.0,201.0,1261.5899353027357,719.5364868164042,66.0,254C
18986,niwot,Geum,rossii,ffd,1996.0,198.0,1212.8586303710958,685.8051818847644,66.0,253C
18987,niwot,Geum,rossii,ffd,1996.0,198.0,1212.8586303710958,685.8051818847644,66.0,253C
18988,niwot,Bistorta,bistortoides,ffd,1996.0,198.0,1212.8586303710958,685.8051818847644,66.0,253C
18989,niwot,Bistorta,bistortoides,ffd,1996.0,206.0,1348.382568359376,781.3291198730444,66.0,253C
18990,niwot,Bistorta,bistortoides,ffd,1996.0,201.0,1261.5899353027357,719.5364868164042,66.0,253C
18991,niwot,Bistorta,bistortoides,ffd,1996.0,201.0,1261.5899353027357,719.5364868164042,66.0,253C
18992,niwot,Bistorta,bistortoides,ffd,1996.0,198.0,1212.8586303710958,685.8051818847644,66.0,252C
18993,niwot,Bistorta,bistortoides,ffd,1996.0,206.0,1348.382568359376,781.3291198730444,66.0,252C
18994,niwot,Bistorta,bistortoides,ffd,1996.0,201.0,1261.5899353027357,719.5364868164042,66.0,252C
18995,niwot,Bistorta,bistortoides,ffd,1996.0,212.0,1450.3350769042995,853.2816284179676,66.0,252C
18996,niwot,Bistorta,bistortoides,ffd,1996.0,206.0,1348.382568359376,781.3291198730444,66.0,251C
18997,niwot,Bistorta,bistortoides,ffd,1996.0,201.0,1261.5899353027357,719.5364868164042,66.0,251C
18998,niwot,Bistorta,bistortoides,ffd,1996.0,201.0,1261.5899353027357,719.5364868164042,66.0,251C
18999,niwot,Geum,rossii,ffd,1996.0,168.0,693.8573181152374,316.80386962890555,66.0,451C
19000,niwot,Geum,rossii,ffd,1996.0,168.0,693.8573181152374,316.80386962890555,66.0,451C
19001,niwot,Geum,rossii,ffd,1996.0,168.0,693.8573181152374,316.80386962890555,66.0,451C
19002,niwot,Geum,rossii,ffd,1996.0,168.0,693.8573181152374,316.80386962890555,66.0,451C
19003,niwot,Geum,rossii,ffd,1996.0,168.0,693.8573181152374,316.80386962890555,66.0,451C
19004,niwot,Bistorta,bistortoides,ffd,1996.0,183.0,938.9594604492215,486.9060119628899,66.0,451C
19005,niwot,Bistorta,bistortoides,ffd,1996.0,183.0,938.9594604492215,486.9060119628899,66.0,451C
19006,niwot,Bistorta,bistortoides,ffd,1996.0,190.0,1070.2750305175807,583.221582031249,66.0,451C
19007,niwot,Geum,rossii,ffd,1996.0,172.0,757.7236267089875,360.67017822265564,66.0,452C
19008,niwot,Geum,rossii,ffd,1996.0,172.0,757.7236267089875,360.67017822265564,66.0,452C
19009,niwot,Bistorta,bistortoides,ffd,1996.0,183.0,938.9594604492215,486.9060119628899,66.0,452C
19010,niwot,Bistorta,bistortoides,ffd,1996.0,183.0,938.9594604492215,486.9060119628899,66.0,452C
19011,niwot,Bistorta,bistortoides,ffd,1996.0,190.0,1070.2750305175807,583.221582031249,66.0,452C
19012,niwot,Geum,rossii,ffd,1996.0,178.0,855.9751464843775,428.9216979980458,66.0,453C
19013,niwot,Bistorta,bistortoides,ffd,1996.0,190.0,1070.2750305175807,583.221582031249,66.0,453C
19014,niwot,Bistorta,bistortoides,ffd,1996.0,190.0,1070.2750305175807,583.221582031249,66.0,453C
19015,niwot,Bistorta,bistortoides,ffd,1996.0,190.0,1070.2750305175807,583.221582031249,66.0,453C
19016,niwot,Bistorta,bistortoides,ffd,1996.0,183.0,938.9594604492215,486.9060119628899,66.0,453C
19017,niwot,Bistorta,bistortoides,ffd,1996.0,190.0,1070.2750305175807,583.221582031249,66.0,454C
19018,niwot,Bistorta,bistortoides,ffd,1996.0,190.0,1070.2750305175807,583.221582031249,66.0,454C
19019,niwot,Bistorta,bistortoides,ffd,1996.0,190.0,1070.2750305175807,583.221582031249,66.0,454C
19020,niwot,Bistorta,bistortoides,ffd,1996.0,190.0,1070.2750305175807,583.221582031249,66.0,454C
19021,niwot,Geum,rossii,ffd,1996.0,172.0,757.7236267089875,360.67017822265564,66.0,455C
19022,niwot,Bistorta,bistortoides,ffd,1996.0,198.0,1212.8586303710958,685.8051818847644,66.0,455C
19023,niwot,Bistorta,bistortoides,ffd,1996.0,190.0,1070.2750305175807,583.221582031249,66.0,455C
19024,niwot,Geum,rossii,ffd,1996.0,178.0,855.9751464843775,428.9216979980458,66.0,755C
19025,niwot,Geum,rossii,ffd,1996.0,168.0,693.8573181152374,316.80386962890555,66.0,755C
19026,niwot,Geum,rossii,ffd,1996.0,178.0,855.9751464843775,428.9216979980458,66.0,755C
19027,niwot,Geum,rossii,ffd,1996.0,168.0,693.8573181152374,316.80386962890555,66.0,755C
19028,niwot,Bistorta,bistortoides,ffd,1996.0,183.0,938.9594604492215,486.9060119628899,66.0,755C
19029,niwot,Bistorta,bistortoides,ffd,1996.0,183.0,938.9594604492215,486.9060119628899,66.0,755C
19030,niwot,Geum,rossii,ffd,1996.0,168.0,693.8573181152374,316.80386962890555,66.0,754C
19031,niwot,Geum,rossii,ffd,1996.0,178.0,855.9751464843775,428.9216979980458,66.0,754C
19032,niwot,Bistorta,bistortoides,ffd,1996.0,178.0,855.9751464843775,428.9216979980458,66.0,754C
19033,niwot,Bistorta,bistortoides,ffd,1996.0,183.0,938.9594604492215,486.9060119628899,66.0,754C
19034,niwot,Bistorta,bistortoides,ffd,1996.0,190.0,1070.2750305175807,583.221582031249,66.0,754C
19035,niwot,Geum,rossii,ffd,1996.0,172.0,757.7236267089875,360.67017822265564,66.0,753C
19036,niwot,Bistorta,bistortoides,ffd,1996.0,178.0,855.9751464843775,428.9216979980458,66.0,753C
19037,niwot,Bistorta,bistortoides,ffd,1996.0,183.0,938.9594604492215,486.9060119628899,66.0,753C
19038,niwot,Bistorta,bistortoides,ffd,1996.0,183.0,938.9594604492215,486.9060119628899,66.0,753C
19039,niwot,Bistorta,bistortoides,ffd,1996.0,183.0,938.9594604492215,486.9060119628899,66.0,753C
19040,niwot,Geum,rossii,ffd,1996.0,168.0,693.8573181152374,316.80386962890555,66.0,752C
19041,niwot,Geum,rossii,ffd,1996.0,172.0,757.7236267089875,360.67017822265564,66.0,752C
19042,niwot,Geum,rossii,ffd,1996.0,168.0,693.8573181152374,316.80386962890555,66.0,752C
19043,niwot,Geum,rossii,ffd,1996.0,172.0,757.7236267089875,360.67017822265564,66.0,752C
19044,niwot,Bistorta,bistortoides,ffd,1996.0,178.0,855.9751464843775,428.9216979980458,66.0,752C
19045,niwot,Bistorta,bistortoides,ffd,1996.0,183.0,938.9594604492215,486.9060119628899,66.0,752C
19046,niwot,Bistorta,bistortoides,ffd,1996.0,183.0,938.9594604492215,486.9060119628899,66.0,752C
19047,niwot,Bistorta,bistortoides,ffd,1996.0,183.0,938.9594604492215,486.9060119628899,66.0,752C
19048,niwot,Bistorta,bistortoides,ffd,1996.0,183.0,938.9594604492215,486.9060119628899,66.0,752C
19049,niwot,Geum,rossii,ffd,1996.0,172.0,757.7236267089875,360.67017822265564,66.0,751C
19050,niwot,Geum,rossii,ffd,1996.0,172.0,757.7236267089875,360.67017822265564,66.0,751C
19051,niwot,Geum,rossii,ffd,1996.0,172.0,757.7236267089875,360.67017822265564,66.0,751C
19052,niwot,Geum,rossii,ffd,1996.0,172.0,757.7236267089875,360.67017822265564,66.0,751C
19053,niwot,Bistorta,bistortoides,ffd,1996.0,183.0,938.9594604492215,486.9060119628899,66.0,751C
